ticker,latest_price,ret_5d,ret_1m,ret_3m,ret_ytd,bench_ret_5d,bench_ret_1m,bench_ret_3m,bench_ret_ytd,rel_5d,rel_1m,rel_3m,rs_status,ma20,ma50,distance_to_ma20_pct,distance_to_ma50_pct,distance_from_20d_high_pct,latest_volume,avg20_volume,volume_ratio,volume_signal,volatility_20d,setup_type,scan_timestamp,benchmark
IMOS,75.5,3.88,29.3,-0.38,150.46,1.3,1.76,2.77,14.17,2.58,27.54,-3.15,跑贏指數,67.5895,59.8648,11.7,26.12,-9.36,86500,105990.0,0.82,正常量能,83.6,強勢延續,2026-10-09 02:28:35,SPY
AMPL,15.29,6.92,23.41,66.56,39.89,1.3,1.76,2.77,14.17,5.62,21.65,63.79,跑贏指數,13.8368,12.9293,10.5,18.26,0.0,2473300,1747665.0,1.42,正常量能,45.93,強勢延續,2026-10-09 02:28:14,SPY
IBRX,9.91,6.79,22.95,20.56,390.59,1.3,1.76,2.77,14.17,5.49,21.19,17.79,跑贏指數,8.9402,8.2353,10.85,20.34,-4.53,10466400,14256375.0,0.73,正常量能,77.37,強勢延續,2026-10-09 02:28:35,SPY
FTRE,20.37,5.0,21.32,14.7,21.18,1.3,1.76,2.77,14.17,3.7,19.56,11.93,跑贏指數,19.8185,18.8726,2.78,7.93,-3.51,1956500,1777015.0,1.1,正常量能,58.33,強勢延續,2026-10-09 02:28:27,SPY
FTNT,189.1,5.81,20.28,20.06,142.81,1.3,1.76,2.77,14.17,4.51,18.52,17.29,跑贏指數,176.8835,166.5626,6.91,13.53,-1.13,4456000,4120825.0,1.08,正常量能,40.64,強勢延續,2026-10-09 02:28:27,SPY
AZTA,36.0,4.41,19.4,41.96,7.82,1.3,1.76,2.77,14.17,3.11,17.64,39.19,跑贏指數,34.848,33.3592,3.31,7.92,-15.75,1220900,1200460.0,1.02,正常量能,74.85,強勢延續,2026-10-09 02:28:14,SPY
ISRG,415.41,3.53,17.6,2.12,-26.08,1.3,1.76,2.77,14.17,2.23,15.84,-0.65,跑贏指數,397.9055,384.6774,4.4,7.99,0.0,2533300,2250100.0,1.13,正常量能,26.19,強勢延續,2026-10-09 02:28:35,SPY
GTLB,53.56,7.23,15.61,65.21,48.04,1.3,1.76,2.77,14.17,5.93,13.85,62.44,跑贏指數,49.2638,45.0038,8.72,19.01,0.0,4724300,3883895.0,1.22,正常量能,37.73,強勢延續,2026-10-09 02:28:35,SPY
CRVL,76.35,2.18,14.92,22.57,16.14,1.3,1.76,2.77,14.17,0.88,13.16,19.8,跑贏指數,73.5005,69.1228,3.88,10.46,-0.18,199100,227135.0,0.88,正常量能,20.28,強勢延續,2026-10-09 02:28:27,SPY
CVLT,151.0,2.19,14.69,0.29,21.6,1.3,1.76,2.77,14.17,0.89,12.93,-2.48,跑贏指數,147.0805,139.7016,2.66,8.09,-2.57,632700,629970.0,1.0,正常量能,39.45,強勢延續,2026-10-09 02:28:27,SPY
FRSH,13.64,3.73,14.33,31.66,17.59,1.3,1.76,2.77,14.17,2.43,12.57,28.89,跑贏指數,12.8015,12.6306,6.55,7.99,-0.87,9226600,7528415.0,1.23,正常量能,38.64,強勢延續,2026-10-09 02:28:27,SPY
FFIV,461.66,4.05,14.09,7.27,79.89,1.3,1.76,2.77,14.17,2.75,12.33,4.5,跑贏指數,443.3255,416.7304,4.14,10.78,-1.73,509600,565565.0,0.9,正常量能,31.54,強勢延續,2026-10-09 02:28:27,SPY
ENTG,162.19,2.34,13.4,11.68,81.53,1.3,1.76,2.77,14.17,1.04,11.64,8.91,跑贏指數,149.904,145.1632,8.2,11.73,-2.83,2648700,2107690.0,1.26,正常量能,50.44,強勢延續,2026-10-09 02:28:27,SPY
HSTM,32.47,6.95,13.25,15.77,43.09,1.3,1.76,2.77,14.17,5.65,11.49,13.0,跑贏指數,29.912,29.2391,8.55,11.05,0.0,189300,188065.0,1.01,正常量能,18.17,強勢延續,2026-10-09 02:28:35,SPY
AFRM,77.15,9.54,13.21,-7.52,4.21,1.3,1.76,2.77,14.17,8.24,11.45,-10.29,跑贏指數,71.6505,73.6302,7.68,4.78,0.0,5223300,3983635.0,1.31,正常量能,47.94,強勢延續,2026-10-09 02:28:14,SPY
APPN,38.66,2.36,12.91,52.44,13.51,1.3,1.76,2.77,14.17,1.06,11.15,49.67,跑贏指數,37.1585,36.3396,4.04,6.39,0.0,1108200,867790.0,1.28,正常量能,58.7,強勢延續,2026-10-09 02:28:14,SPY
EXTR,24.18,10.06,12.67,-28.27,46.19,1.3,1.76,2.77,14.17,8.76,10.91,-31.04,跑贏指數,22.384,23.3752,8.02,3.44,-1.71,1993800,1609990.0,1.24,正常量能,39.21,強勢延續,2026-10-09 02:28:27,SPY
AMPH,25.81,1.81,12.02,37.87,-2.46,1.3,1.76,2.77,14.17,0.51,10.26,35.1,跑贏指數,25.1085,22.9526,2.79,12.45,-5.77,423500,557835.0,0.76,正常量能,36.54,強勢延續,2026-10-09 02:28:14,SPY
AAON,85.95,4.46,11.59,-24.61,8.89,1.3,1.76,2.77,14.17,3.16,9.83,-27.38,跑贏指數,81.7035,82.4757,5.2,4.21,-3.54,870800,1155635.0,0.75,正常量能,46.8,強勢延續,2026-10-09 02:28:14,SPY
AVPT,14.41,2.34,11.19,15.84,9.0,1.3,1.76,2.77,14.17,1.04,9.43,13.07,跑贏指數,13.6572,13.4412,5.51,7.21,-1.71,2339600,2496095.0,0.94,正常量能,41.09,強勢延續,2026-10-09 02:28:14,SPY
DOCU,71.43,2.42,10.83,45.24,10.15,1.3,1.76,2.77,14.17,1.12,9.07,42.47,跑贏指數,68.856,64.3846,3.74,10.94,-0.58,3159200,3109230.0,1.02,正常量能,40.36,強勢延續,2026-10-09 02:28:27,SPY
GMAB,36.05,4.34,9.11,24.31,13.29,1.3,1.76,2.77,14.17,3.04,7.35,21.54,跑贏指數,35.132,33.3463,2.61,8.11,-6.31,4299800,3890730.0,1.11,正常量能,46.49,強勢延續,2026-10-09 02:28:35,SPY
BSY,34.82,6.32,9.02,10.19,-8.19,1.3,1.76,2.77,14.17,5.02,7.26,7.42,跑贏指數,32.4532,34.2779,7.29,1.58,-3.2,2262300,2895360.0,0.78,正常量能,42.18,強勢延續,2026-10-09 02:28:14,SPY
GCT,56.42,6.07,8.75,63.96,45.56,1.3,1.76,2.77,14.17,4.77,6.99,61.19,跑贏指數,53.2482,51.3861,5.96,9.8,0.0,1021100,692460.0,1.47,正常量能,30.2,強勢延續,2026-10-09 02:28:27,SPY
DGII,74.93,2.1,8.74,10.7,73.61,1.3,1.76,2.77,14.17,0.8,6.98,7.93,跑贏指數,73.786,74.93,1.55,0.0,-4.3,325300,401590.0,0.81,正常量能,33.77,強勢延續,2026-10-09 02:28:27,SPY
DUOL,151.22,3.17,8.6,21.21,-14.31,1.3,1.76,2.77,14.17,1.87,6.84,18.44,跑贏指數,146.4305,143.704,3.27,5.23,-1.75,729200,1016855.0,0.72,正常量能,51.31,強勢延續,2026-10-09 02:28:27,SPY
IQ,1.01,2.75,8.25,-10.62,-50.25,1.3,1.76,2.77,14.17,1.45,6.49,-13.39,跑贏指數,1.0153,1.0823,-0.52,-6.68,-8.18,5237500,7688455.0,0.68,縮量回踩,53.38,強勢延續,2026-10-09 02:28:35,SPY
CBRL,55.34,7.0,8.19,10.3,110.31,1.3,1.76,2.77,14.17,5.7,6.43,7.53,跑贏指數,50.4705,53.9544,9.65,2.57,-1.88,965200,1149890.0,0.84,正常量能,66.22,強勢延續,2026-10-09 02:28:14,SPY
EBAY,111.98,5.75,8.18,-4.16,29.81,1.3,1.76,2.77,14.17,4.45,6.42,-6.93,跑贏指數,108.2865,106.7529,3.41,4.9,-0.81,2987300,4591515.0,0.65,量價背馳,26.96,強勢延續,2026-10-09 02:28:27,SPY
AAPL,340.42,3.06,7.95,8.05,25.95,1.3,1.76,2.77,14.17,1.76,6.19,5.28,跑贏指數,335.1705,322.2866,1.57,5.63,-0.19,35279900,38412950.0,0.92,正常量能,16.76,強勢延續,2026-10-09 02:28:14,SPY
GFS,49.36,1.4,7.69,-28.25,34.41,1.3,1.76,2.77,14.17,0.1,5.93,-31.02,跑贏指數,47.2516,47.873,4.46,3.11,-1.61,10466300,4137590.0,2.53,放量突破,49.9,強勢延續,2026-10-09 02:28:35,SPY
APOG,40.77,14.17,6.84,5.76,11.59,1.3,1.76,2.77,14.17,12.87,5.08,2.99,跑贏指數,37.2975,39.4632,9.31,3.31,-0.83,409900,363810.0,1.13,正常量能,49.79,強勢延續,2026-10-09 02:28:14,SPY
DDI,13.57,3.12,6.68,18.52,54.73,1.3,1.76,2.77,14.17,1.82,4.92,15.75,跑贏指數,13.0545,12.7086,3.95,6.78,0.0,108800,196900.0,0.55,量價背馳,15.74,強勢延續,2026-10-09 02:28:27,SPY
BUUU,40.83,5.37,6.63,118.34,451.01,1.3,1.76,2.77,14.17,4.07,4.87,115.57,跑贏指數,42.445,34.5335,-3.8,18.23,-15.27,380000,101755.0,3.73,放量突破,70.22,強勢延續,2026-10-09 02:28:14,SPY
AHCO,6.065,6.78,6.4,-40.66,-37.28,1.3,1.76,2.77,14.17,5.48,4.64,-43.43,跑贏指數,5.7632,6.1027,5.24,-0.62,0.0,3036900,2593355.0,1.17,正常量能,29.0,強勢延續,2026-10-09 02:28:14,SPY
HPK,8.73,9.95,6.33,24.54,95.3,1.3,1.76,2.77,14.17,8.65,4.57,21.77,跑贏指數,8.088,7.892,7.94,10.62,0.0,919600,600495.0,1.53,放量突破,55.68,強勢延續,2026-10-09 02:28:35,SPY
APEI,47.77,10.17,6.08,-18.02,32.14,1.3,1.76,2.77,14.17,8.87,4.32,-20.79,跑贏指數,43.5985,45.5762,9.57,4.81,0.0,223000,277805.0,0.8,正常量能,40.18,強勢延續,2026-10-09 02:28:14,SPY
GO,11.93,1.36,5.67,19.54,17.31,1.3,1.76,2.77,14.17,0.06,3.91,16.77,跑贏指數,11.4195,11.1874,4.47,6.64,-0.08,2377300,2170530.0,1.1,正常量能,36.8,強勢延續,2026-10-09 02:28:35,SPY
AMSC,30.95,4.92,5.6,-13.93,-1.99,1.3,1.76,2.77,14.17,3.62,3.84,-16.7,跑贏指數,29.811,30.2082,3.82,2.46,-2.83,1064400,751115.0,1.42,正常量能,48.22,強勢延續,2026-10-09 02:28:14,SPY
CLOV,4.58,8.27,5.53,3.15,90.04,1.3,1.76,2.77,14.17,6.97,3.77,0.38,跑贏指數,4.5457,4.4139,0.75,3.76,-10.2,5287500,4426010.0,1.19,正常量能,53.89,強勢延續,2026-10-09 02:28:27,SPY
CSCO,114.89,6.05,5.4,-4.93,53.07,1.3,1.76,2.77,14.17,4.75,3.64,-7.7,跑贏指數,109.8387,111.8323,4.6,2.73,-2.59,12967100,19393305.0,0.67,縮量回踩,35.23,強勢延續,2026-10-09 02:28:27,SPY
COST,947.92,3.6,5.02,3.62,11.42,1.3,1.76,2.77,14.17,2.3,3.26,0.85,跑贏指數,913.633,931.572,3.75,1.75,0.0,2271800,2381965.0,0.95,正常量能,16.8,強勢延續,2026-10-09 02:28:27,SPY
GOOG,344.86,2.96,5.02,-2.8,9.58,1.3,1.76,2.77,14.17,1.66,3.26,-5.57,跑贏指數,341.827,342.9906,0.89,0.55,-1.71,13956400,17380080.0,0.8,正常量能,23.82,強勢延續,2026-10-09 02:28:35,SPY
IOSP,97.69,2.65,4.4,19.69,29.58,1.3,1.76,2.77,14.17,1.35,2.64,16.92,跑贏指數,95.5455,93.7862,2.24,4.16,-1.04,181200,247495.0,0.73,正常量能,20.97,強勢延續,2026-10-09 02:28:35,SPY
FCEL,17.25,4.1,4.1,-17.97,111.14,1.3,1.76,2.77,14.17,2.8,2.34,-20.74,跑贏指數,17.123,18.4306,0.74,-6.41,-16.46,10523000,6316970.0,1.67,正常量能,102.46,強勢延續,2026-10-09 02:28:27,SPY
HAS,92.5,2.8,3.97,18.03,14.02,1.3,1.76,2.77,14.17,1.5,2.21,15.26,跑贏指數,89.288,91.7137,3.6,0.86,0.0,1207700,1786395.0,0.68,量價背馳,22.25,強勢延續,2026-10-09 02:28:35,SPY
FLYW,18.43,4.95,3.77,4.6,32.59,1.3,1.76,2.77,14.17,3.65,2.01,1.83,跑贏指數,17.627,17.9593,4.56,2.62,0.0,1530200,1443345.0,1.06,正常量能,22.28,強勢延續,2026-10-09 02:28:27,SPY
CRDO,211.86,0.8,26.17,-17.82,47.93,1.3,1.76,2.77,14.17,-0.5,24.41,-20.59,接近突破,191.175,209.5471,10.82,1.1,-4.06,9542600,8657675.0,1.1,正常量能,74.18,接近爆發,2026-10-09 02:28:27,SPY
JOYY,80.85,0.68,11.84,16.86,33.3,1.3,1.76,2.77,14.17,-0.62,10.08,14.09,接近突破,78.6494,75.1052,2.8,7.65,-0.59,201400,349055.0,0.58,縮量回踩,18.08,接近爆發,2026-10-09 02:28:35,SPY
ADI,405.93,0.33,11.19,2.91,49.62,1.3,1.76,2.77,14.17,-0.97,9.43,0.14,接近突破,390.207,378.8071,4.03,7.16,-3.48,3703800,3151690.0,1.18,正常量能,34.76,接近爆發,2026-10-09 02:28:14,SPY
ALVO,5.67,0.89,8.83,72.87,13.4,1.3,1.76,2.77,14.17,-0.41,7.07,70.1,接近突破,5.677,4.9525,-0.12,14.49,-7.8,668900,1367825.0,0.49,縮量回踩,73.85,接近爆發,2026-10-09 02:28:14,SPY
CRAI,177.56,1.02,7.27,10.89,-10.52,1.3,1.76,2.77,14.17,-0.28,5.51,8.12,接近突破,166.651,169.907,6.55,4.5,0.0,135000,131295.0,1.03,正常量能,34.54,接近爆發,2026-10-09 02:28:27,SPY
CGNT,8.73,0.81,7.12,-0.8,-1.91,1.3,1.76,2.77,14.17,-0.49,5.36,-3.57,接近突破,8.58,8.7152,1.75,0.17,-1.13,383100,548250.0,0.7,量價背馳,23.8,接近爆發,2026-10-09 02:28:14,SPY
IMKTA,85.59,1.22,5.92,-5.5,23.83,1.3,1.76,2.77,14.17,-0.08,4.16,-8.27,接近突破,84.0576,84.7386,1.82,1.0,-1.03,135700,116075.0,1.17,正常量能,13.96,接近爆發,2026-10-09 02:28:35,SPY
BATRK,52.45,0.38,5.64,2.48,31.59,1.3,1.76,2.77,14.17,-0.92,3.88,-0.29,接近突破,52.1247,51.5905,0.62,1.67,-3.39,421200,540500.0,0.78,正常量能,19.9,接近爆發,2026-10-09 02:28:14,SPY
DRH,12.6,0.72,5.32,7.0,41.78,1.3,1.76,2.77,14.17,-0.58,3.56,4.23,接近突破,12.3142,12.3797,2.32,1.78,0.0,3595600,3318410.0,1.08,正常量能,14.08,接近爆發,2026-10-09 02:28:27,SPY
CLMT,57.75,7.5,3.7,46.31,195.4,1.3,1.76,2.77,14.17,6.2,1.94,43.54,接近突破,55.844,51.0776,3.41,13.06,-2.2,1390700,1554440.0,0.89,正常量能,29.03,接近爆發,2026-10-09 02:28:27,SPY
EGBN,28.3,0.32,3.55,5.36,35.88,1.3,1.76,2.77,14.17,-0.98,1.79,2.59,接近突破,28.1615,28.0136,0.49,1.02,-0.84,431800,350230.0,1.23,正常量能,13.66,接近爆發,2026-10-09 02:28:27,SPY
FAST,50.49,0.52,3.48,9.2,26.9,1.3,1.76,2.77,14.17,-0.78,1.72,6.43,接近突破,50.0025,50.11,0.97,0.76,-0.98,6770600,6957745.0,0.97,正常量能,15.29,接近爆發,2026-10-09 02:28:27,SPY
ASO,52.76,10.26,3.46,14.27,2.07,1.3,1.76,2.77,14.17,8.96,1.7,11.5,接近突破,50.1187,47.993,5.27,9.93,-4.41,1305700,1745865.0,0.75,正常量能,42.31,接近爆發,2026-10-09 02:28:14,SPY
ICLR,164.5,1.64,3.13,-1.92,-12.81,1.3,1.76,2.77,14.17,0.34,1.37,-4.69,接近突破,168.181,166.627,-2.19,-1.28,-6.31,1026200,1072825.0,0.96,正常量能,44.55,接近爆發,2026-10-09 02:28:35,SPY
ECPG,100.06,6.11,2.8,8.08,78.97,1.3,1.76,2.77,14.17,4.81,1.04,5.31,接近突破,97.877,98.1452,2.23,1.95,-0.12,217500,304290.0,0.71,正常量能,25.14,接近爆發,2026-10-09 02:28:27,SPY
IRMD,85.88,0.68,2.78,-11.44,-9.48,1.3,1.76,2.77,14.17,-0.62,1.02,-14.21,接近突破,84.678,86.624,1.42,-0.86,-0.9,91600,144695.0,0.63,量價背馳,21.45,接近爆發,2026-10-09 02:28:35,SPY
ADP,270.73,2.56,2.73,12.63,9.46,1.3,1.76,2.77,14.17,1.26,0.97,9.86,接近突破,266.438,270.5927,1.61,0.05,-2.13,1793300,2220780.0,0.81,正常量能,22.86,接近爆發,2026-10-09 02:28:14,SPY
BTSG,63.66,11.18,2.69,-10.88,65.78,1.3,1.76,2.77,14.17,9.88,0.93,-13.65,接近突破,58.5355,59.8331,8.75,6.4,-0.22,2222200,2720935.0,0.82,正常量能,33.38,接近爆發,2026-10-09 02:28:14,SPY
DSP,13.16,3.42,2.65,-0.15,13.45,1.3,1.76,2.77,14.17,2.12,0.89,-2.92,接近突破,12.3193,12.5771,6.82,4.63,0.0,624100,664950.0,0.94,正常量能,107.85,接近爆發,2026-10-09 02:28:27,SPY
CORT,118.54,3.96,2.45,29.02,210.31,1.3,1.76,2.77,14.17,2.66,0.69,26.25,接近突破,115.3395,115.121,2.77,2.97,-2.86,496600,1764890.0,0.28,縮量回踩,41.23,接近爆發,2026-10-09 02:28:27,SPY
AFYA,14.15,17.14,2.39,-1.6,-1.17,1.3,1.76,2.77,14.17,15.84,0.63,-4.37,接近突破,13.2517,13.7539,6.78,2.88,0.0,1500600,514640.0,2.92,放量突破,51.86,接近爆發,2026-10-09 02:28:14,SPY
DCBO,24.26,3.5,2.38,29.01,8.13,1.3,1.76,2.77,14.17,2.2,0.62,26.24,接近突破,23.5265,23.4219,3.12,3.58,-4.41,20200,25830.0,0.78,正常量能,32.65,接近爆發,2026-10-09 02:28:27,SPY
DLO,15.0,9.25,2.28,-1.25,8.4,1.3,1.76,2.77,14.17,7.95,0.52,-4.02,接近突破,14.2588,14.6101,5.2,2.67,0.0,1853400,1597420.0,1.16,正常量能,27.56,接近爆發,2026-10-09 02:28:27,SPY
CASY,642.28,3.68,2.11,-21.6,15.74,1.3,1.76,2.77,14.17,2.38,0.35,-24.37,接近突破,607.423,726.9592,5.74,-11.65,0.0,480000,675960.0,0.71,正常量能,30.7,接近爆發,2026-10-09 02:28:14,SPY
CRON,3.22,0.31,2.06,17.09,19.26,1.3,1.76,2.77,14.17,-0.99,0.3,14.32,接近突破,3.2962,3.2231,-2.31,-0.1,-6.12,974200,901455.0,1.08,正常量能,28.94,接近爆發,2026-10-09 02:28:27,SPY
HWKN,127.79,0.47,1.95,-4.31,-11.68,1.3,1.76,2.77,14.17,-0.83,0.19,-7.08,接近突破,126.276,126.1299,1.2,1.32,-3.47,172500,181580.0,0.95,正常量能,26.75,接近爆發,2026-10-09 02:28:35,SPY
GSAT,83.22,0.41,1.89,3.91,30.05,1.3,1.76,2.77,14.17,-0.89,0.13,1.14,接近突破,82.747,82.581,0.57,0.77,-0.54,724000,590850.0,1.23,正常量能,6.69,接近爆發,2026-10-09 02:28:35,SPY
ITRN,51.78,0.9,1.88,-6.63,27.73,1.3,1.76,2.77,14.17,-0.4,0.12,-9.4,接近突破,51.6632,51.8933,0.23,-0.22,-1.43,123300,98650.0,1.25,正常量能,19.28,接近爆發,2026-10-09 02:28:35,SPY
FLEX,114.74,1.74,1.83,-15.51,80.18,1.3,1.76,2.77,14.17,0.44,0.07,-18.28,接近突破,113.072,114.5252,1.48,0.19,-5.47,2642400,3113385.0,0.85,正常量能,48.83,接近爆發,2026-10-09 02:28:27,SPY
SPY,773.93,1.3,1.76,2.77,14.17,1.3,1.76,2.77,14.17,0.0,0.0,0.0,接近突破,766.7925,765.5093,0.93,1.1,-0.66,40351800,45941435.0,0.88,正常量能,10.15,接近爆發,2026-10-09 02:28:14,SPY
BLKB,44.84,5.38,1.75,51.54,-24.66,1.3,1.76,2.77,14.17,4.08,-0.01,48.77,接近突破,43.383,44.9228,3.36,-0.18,-1.82,341500,442535.0,0.77,正常量能,30.06,接近爆發,2026-10-09 02:28:14,SPY
DOX,60.25,3.24,1.74,17.22,-22.56,1.3,1.76,2.77,14.17,1.94,-0.02,14.45,接近突破,58.862,58.9881,2.36,2.14,-3.67,952100,919925.0,1.03,正常量能,22.04,接近爆發,2026-10-09 02:28:27,SPY
APA,45.47,4.91,1.4,36.93,83.5,1.3,1.76,2.77,14.17,3.61,-0.36,34.16,接近突破,43.9415,42.2734,3.48,7.56,-4.09,7208000,6116440.0,1.18,正常量能,42.12,接近爆發,2026-10-09 02:28:14,SPY
EXEL,59.02,1.86,1.18,4.46,35.43,1.3,1.76,2.77,14.17,0.56,-0.58,1.69,接近突破,57.8735,56.0666,1.98,5.27,0.0,2685000,2222630.0,1.21,正常量能,22.11,接近爆發,2026-10-09 02:28:27,SPY
ACHC,28.48,5.76,1.03,-8.95,99.3,1.3,1.76,2.77,14.17,4.46,-0.73,-11.72,接近突破,28.262,28.9448,0.77,-1.61,-3.03,1301400,1528215.0,0.85,正常量能,35.18,接近爆發,2026-10-09 02:28:14,SPY
CBC,32.37,2.63,1.0,4.44,37.47,1.3,1.76,2.77,14.17,1.33,-0.76,1.67,接近突破,31.869,32.2742,1.57,0.3,-0.46,772800,1649435.0,0.47,量價背馳,17.4,接近爆發,2026-10-09 02:28:14,SPY
FIZZ,30.84,3.87,0.98,0.88,7.77,1.3,1.76,2.77,14.17,2.57,-0.78,-1.89,接近突破,30.569,31.3286,0.89,-1.56,-4.16,554000,452900.0,1.22,正常量能,27.63,接近爆發,2026-10-09 02:28:27,SPY
DSGR,35.07,0.37,0.92,27.99,25.07,1.3,1.76,2.77,14.17,-0.93,-0.84,25.22,接近突破,34.927,34.8322,0.41,0.68,0.0,277200,213655.0,1.3,正常量能,1.52,接近爆發,2026-10-09 02:28:27,SPY
CSGP,29.81,7.54,0.78,5.0,-54.62,1.3,1.76,2.77,14.17,6.24,-0.98,2.23,接近突破,28.674,30.195,3.96,-1.28,-5.54,9467400,6296905.0,1.5,放量突破,43.41,接近爆發,2026-10-09 02:28:27,SPY
AMZN,254.06,2.35,0.66,3.55,12.17,1.3,1.76,2.77,14.17,1.05,-1.1,0.78,接近突破,251.737,258.557,0.92,-1.74,-2.25,38544500,36655600.0,1.05,正常量能,23.61,接近爆發,2026-10-09 02:28:14,SPY
CCSI,36.62,2.49,0.66,-2.37,68.6,1.3,1.76,2.77,14.17,1.19,-1.1,-5.14,接近突破,35.898,36.7424,2.01,-0.33,-3.71,126000,128135.0,0.98,正常量能,32.11,接近爆發,2026-10-09 02:28:14,SPY
CME,276.44,4.28,0.63,15.59,6.0,1.3,1.76,2.77,14.17,2.98,-1.13,12.82,接近突破,270.062,270.8161,2.36,2.08,-1.43,3808100,1821275.0,2.09,放量突破,23.06,接近爆發,2026-10-09 02:28:27,SPY
CTAS,201.12,2.82,0.54,12.25,9.61,1.3,1.76,2.77,14.17,1.52,-1.22,9.48,接近突破,197.662,200.3948,1.75,0.36,-0.19,1329600,2028635.0,0.66,量價背馳,22.64,接近爆發,2026-10-09 02:28:27,SPY
HBNC,19.5,3.07,0.48,0.43,20.98,1.3,1.76,2.77,14.17,1.77,-1.28,-2.34,接近突破,19.205,19.5955,1.54,-0.49,-0.63,708200,686590.0,1.03,正常量能,16.89,接近爆發,2026-10-09 02:28:35,SPY
HQY,93.05,4.12,0.42,-1.43,2.17,1.3,1.76,2.77,14.17,2.82,-1.34,-4.2,接近突破,91.954,97.6377,1.19,-4.7,-3.59,772800,942710.0,0.82,正常量能,20.87,接近爆發,2026-10-09 02:28:35,SPY
JJSF,81.69,5.3,0.28,7.83,-7.03,1.3,1.76,2.77,14.17,4.0,-1.48,5.06,接近突破,78.9476,83.0325,3.47,-1.62,-1.1,237200,216265.0,1.1,正常量能,20.8,接近爆發,2026-10-09 02:28:35,SPY
DLTR,118.62,3.66,0.19,-5.04,-7.11,1.3,1.76,2.77,14.17,2.36,-1.57,-7.81,接近突破,114.561,123.3116,3.54,-3.8,-0.46,2342500,2806625.0,0.83,正常量能,30.7,接近爆發,2026-10-09 02:28:27,SPY
BCPC,168.63,3.02,0.17,4.0,9.49,1.3,1.76,2.77,14.17,1.72,-1.59,1.23,接近突破,166.701,172.1214,1.16,-2.03,-0.03,211000,255860.0,0.82,正常量能,15.51,接近爆發,2026-10-09 02:28:14,SPY
ITIC,298.63,4.51,0.1,8.37,21.78,1.3,1.76,2.77,14.17,3.21,-1.66,5.6,接近突破,292.652,292.5637,2.04,2.07,-1.29,27800,51195.0,0.54,量價背馳,21.55,接近爆發,2026-10-09 02:28:35,SPY
INTA,38.65,2.82,0.03,37.69,-11.9,1.3,1.76,2.77,14.17,1.52,-1.73,34.92,接近突破,36.816,38.302,4.98,0.91,0.0,541100,556765.0,0.97,正常量能,32.01,接近爆發,2026-10-09 02:28:35,SPY
FOX,56.97,3.73,-0.23,17.44,-12.74,1.3,1.76,2.77,14.17,2.43,-1.99,14.67,接近突破,57.2945,57.7033,-0.57,-1.27,-6.82,898300,1190070.0,0.75,正常量能,26.78,接近爆發,2026-10-09 02:28:27,SPY
CHKP,134.74,3.07,-0.24,2.31,-25.57,1.3,1.76,2.77,14.17,1.77,-2.0,-0.46,接近突破,133.3435,131.8886,1.05,2.16,-4.55,1133200,1161670.0,0.98,正常量能,36.92,接近爆發,2026-10-09 02:28:27,SPY
ESEA,73.41,4.11,-0.3,5.69,40.12,1.3,1.76,2.77,14.17,2.81,-2.06,2.92,接近突破,72.9015,74.1523,0.7,-1.0,-5.39,26500,41545.0,0.64,量價背馳,27.97,接近爆發,2026-10-09 02:28:27,SPY
FWRD,16.32,5.29,-0.37,21.97,-35.06,1.3,1.76,2.77,14.17,3.99,-2.13,19.2,接近突破,15.432,16.5856,5.75,-1.6,-2.22,646700,519705.0,1.24,正常量能,47.54,接近爆發,2026-10-09 02:28:27,SPY
FOXA,63.57,3.74,-0.45,17.98,-13.01,1.3,1.76,2.77,14.17,2.44,-2.21,15.21,接近突破,64.0485,64.6437,-0.75,-1.66,-7.24,2567000,4710720.0,0.54,量價背馳,25.07,接近爆發,2026-10-09 02:28:27,SPY
BL,29.25,6.44,-0.75,0.41,-45.61,1.3,1.76,2.77,14.17,5.14,-2.51,-2.36,接近突破,28.062,29.9038,4.23,-2.19,-3.43,971600,902800.0,1.08,正常量能,43.92,接近爆發,2026-10-09 02:28:14,SPY
HDL,11.9,11.4,-0.83,-3.49,-27.66,1.3,1.76,2.77,14.17,10.1,-2.59,-6.26,接近突破,11.7311,12.6903,1.44,-6.23,-1.24,0,510.0,0.0,縮量回踩,43.66,接近爆發,2026-10-09 02:28:35,SPY
EXPE,270.13,2.84,-0.91,-0.11,-3.98,1.3,1.76,2.77,14.17,1.54,-2.67,-2.88,接近突破,271.507,296.0558,-0.51,-8.76,-7.83,1941800,2277450.0,0.85,正常量能,37.65,接近爆發,2026-10-09 02:28:27,SPY
ATLC,91.75,2.76,-0.92,-7.57,38.28,1.3,1.76,2.77,14.17,1.46,-2.68,-10.34,接近突破,91.857,95.446,-0.12,-3.87,-3.61,144000,116090.0,1.24,正常量能,33.2,接近爆發,2026-10-09 02:28:14,SPY
AVGO,360.14,4.8,-0.98,-9.79,4.17,1.3,1.76,2.77,14.17,3.5,-2.74,-12.56,接近突破,355.0785,371.9,1.43,-3.16,-4.35,27042200,24246270.0,1.12,正常量能,37.92,接近爆發,2026-10-09 02:28:14,SPY
FTDR,79.59,5.49,-1.03,5.68,39.53,1.3,1.76,2.77,14.17,4.19,-2.79,2.91,接近突破,77.11,79.9854,3.22,-0.49,-1.75,538100,648190.0,0.83,正常量能,33.38,接近爆發,2026-10-09 02:28:27,SPY
BBSI,32.18,2.78,-1.08,-13.82,-10.86,1.3,1.76,2.77,14.17,1.48,-2.84,-16.59,接近突破,32.104,33.3522,0.24,-3.51,-6.18,187400,234500.0,0.8,正常量能,29.75,接近爆發,2026-10-09 02:28:14,SPY
FWONA,87.57,4.64,-1.22,-0.7,-1.68,1.3,1.76,2.77,14.17,3.34,-2.98,-3.47,接近突破,86.432,89.974,1.32,-2.67,-0.74,140400,208415.0,0.67,縮量回踩,24.82,接近爆發,2026-10-09 02:28:27,SPY
ERAS,15.46,6.04,-1.53,-16.57,330.64,1.3,1.76,2.77,14.17,4.74,-3.29,-19.34,接近突破,14.8993,16.6049,3.76,-6.89,-4.86,9611600,5084715.0,1.89,放量突破,63.3,接近爆發,2026-10-09 02:28:27,SPY
ACIW,51.07,2.78,-1.71,-9.48,11.82,1.3,1.76,2.77,14.17,1.48,-3.47,-12.25,接近突破,50.3075,52.2342,1.52,-2.23,-3.0,493800,738375.0,0.67,量價背馳,18.92,接近爆發,2026-10-09 02:28:14,SPY
FWONK,95.07,3.79,-1.79,-1.1,-3.03,1.3,1.76,2.77,14.17,2.49,-3.55,-3.87,接近突破,94.416,98.1156,0.69,-3.1,-1.41,3003900,2470460.0,1.22,正常量能,22.68,接近爆發,2026-10-09 02:28:27,SPY
DAVE,353.4,4.07,-2.34,-11.82,61.02,1.3,1.76,2.77,14.17,2.77,-4.1,-14.59,接近突破,345.1575,353.5647,2.39,-0.05,-5.68,285400,316235.0,0.9,正常量能,62.02,接近爆發,2026-10-09 02:28:27,SPY
CCD,23.54,4.72,-2.41,-7.05,19.03,1.3,1.76,2.77,14.17,3.42,-4.17,-9.82,接近突破,23.24,24.2357,1.29,-2.87,-1.83,71792,72770.0,0.99,正常量能,22.82,接近爆發,2026-10-09 02:28:14,SPY
INTU,303.88,7.96,-2.75,11.03,-51.04,1.3,1.76,2.77,14.17,6.66,-4.51,8.26,接近突破,294.3599,320.4917,3.23,-5.18,-9.98,5627500,3822980.0,1.47,正常量能,43.09,接近爆發,2026-10-09 02:28:35,SPY
DASH,191.71,5.23,-2.81,-0.06,-12.78,1.3,1.76,2.77,14.17,3.93,-4.57,-2.83,接近突破,191.6458,206.2648,0.03,-7.06,-5.81,3242700,4072340.0,0.8,正常量能,41.53,接近爆發,2026-10-09 02:28:27,SPY
FWRG,10.96,7.14,-2.84,-12.04,-28.69,1.3,1.76,2.77,14.17,5.84,-4.6,-14.81,接近突破,10.4507,11.6434,4.87,-5.87,-3.52,2998700,1470215.0,2.04,放量突破,39.66,接近爆發,2026-10-09 02:28:27,SPY
FRPT,65.18,12.92,-3.02,21.56,8.36,1.3,1.76,2.77,14.17,11.62,-4.78,18.79,接近突破,60.728,66.1726,7.33,-1.5,0.0,1388000,1094570.0,1.27,正常量能,27.92,接近爆發,2026-10-09 02:28:27,SPY
AUGO,82.49,4.62,-3.32,36.91,69.56,1.3,1.76,2.77,14.17,3.32,-5.08,34.14,接近突破,84.444,80.4854,-2.31,2.49,-11.08,1107400,1060855.0,1.04,正常量能,53.93,接近爆發,2026-10-09 02:28:14,SPY
ERIC,9.5,3.04,-3.96,-14.87,3.2,1.3,1.76,2.77,14.17,1.74,-5.72,-17.64,接近突破,9.5871,9.7932,-0.91,-2.99,-6.28,9388800,7821145.0,1.2,正常量能,28.06,接近爆發,2026-10-09 02:28:27,SPY
JANX,18.5,9.08,-4.29,12.8,35.53,1.3,1.76,2.77,14.17,7.78,-6.05,10.03,接近突破,16.9488,17.2593,9.15,7.19,0.0,1500800,957145.0,1.57,放量突破,49.17,接近爆發,2026-10-09 02:28:35,SPY
EXC,41.73,3.11,-4.51,-9.98,-2.35,1.3,1.76,2.77,14.17,1.81,-6.27,-12.75,接近突破,41.4265,43.1971,0.73,-3.4,-3.31,7570400,8167800.0,0.93,正常量能,16.2,接近爆發,2026-10-09 02:28:27,SPY
CHRD,142.34,4.01,-4.78,22.33,54.61,1.3,1.76,2.77,14.17,2.71,-6.54,19.56,接近突破,140.9935,141.5341,0.96,0.57,-9.34,879600,720500.0,1.22,正常量能,39.44,接近爆發,2026-10-09 02:28:27,SPY
IRWD,3.87,2.93,-4.91,-13.42,-9.37,1.3,1.76,2.77,14.17,1.63,-6.67,-16.19,接近突破,4.0575,4.1592,-4.62,-6.95,-14.57,2403700,2270740.0,1.06,正常量能,47.06,接近爆發,2026-10-09 02:28:35,SPY
HIFS,290.61,2.38,-5.14,0.18,7.96,1.3,1.76,2.77,14.17,1.08,-6.9,-2.59,接近突破,296.4795,298.9863,-1.98,-2.8,-7.0,28900,38630.0,0.75,正常量能,25.71,接近爆發,2026-10-09 02:28:35,SPY
CHI,11.75,3.34,-5.2,-10.56,17.95,1.3,1.76,2.77,14.17,2.04,-6.96,-13.33,接近突破,11.8652,12.3745,-0.97,-5.05,-5.55,153273,202069.0,0.76,正常量能,25.32,接近爆發,2026-10-09 02:28:14,SPY
HTZ,1.96,13.29,-5.31,-4.39,-62.45,1.3,1.76,2.77,14.17,11.99,-7.07,-7.16,接近突破,1.8422,2.0011,6.39,-2.05,-5.31,22078400,17120185.0,1.29,正常量能,68.28,接近爆發,2026-10-09 02:28:35,SPY
FANG,191.68,3.33,-5.4,5.1,27.97,1.3,1.76,2.77,14.17,2.03,-7.16,2.33,接近突破,190.4775,196.5302,0.63,-2.47,-9.38,2260500,3420775.0,0.66,量價背馳,38.18,接近爆發,2026-10-09 02:28:27,SPY
CHY,11.9,2.5,-5.7,-11.46,11.75,1.3,1.76,2.77,14.17,1.2,-7.46,-14.23,接近突破,12.0745,12.5421,-1.45,-5.12,-6.08,298222,205981.0,1.45,正常量能,24.66,接近爆發,2026-10-09 02:28:27,SPY
EZPW,31.17,3.69,-5.75,-8.51,55.38,1.3,1.76,2.77,14.17,2.39,-7.51,-11.28,接近突破,30.7285,30.8908,1.44,0.9,-4.0,598100,683055.0,0.88,正常量能,35.22,接近爆發,2026-10-09 02:28:27,SPY
ACT,46.64,5.64,-5.87,4.73,19.55,1.3,1.76,2.77,14.17,4.34,-7.63,1.96,接近突破,47.1585,48.1865,-1.1,-3.21,-6.85,261200,451100.0,0.58,量價背馳,30.99,接近爆發,2026-10-09 02:28:14,SPY
JKHY,149.05,3.62,-5.95,-0.48,-15.44,1.3,1.76,2.77,14.17,2.32,-7.71,-3.25,接近突破,150.113,156.3195,-0.71,-4.65,-9.42,975400,1054150.0,0.93,正常量能,32.51,接近爆發,2026-10-09 02:28:35,SPY
DNUT,3.01,3.79,-6.23,-12.5,-26.23,1.3,1.76,2.77,14.17,2.49,-7.99,-15.27,接近突破,2.9975,3.1912,0.42,-5.68,-6.23,2293000,2074085.0,1.11,正常量能,30.33,接近爆發,2026-10-09 02:28:27,SPY
GSM,4.19,2.7,-6.34,28.6,-7.66,1.3,1.76,2.77,14.17,1.4,-8.1,25.83,接近突破,4.1861,4.1507,0.09,0.95,-4.34,1076200,1091830.0,0.99,正常量能,41.68,接近爆發,2026-10-09 02:28:35,SPY
ERIE,226.54,2.67,-6.47,-9.44,-16.53,1.3,1.76,2.77,14.17,1.37,-8.23,-12.21,接近突破,229.3757,242.8492,-1.24,-6.72,-10.17,319300,193055.0,1.65,放量突破,33.0,接近爆發,2026-10-09 02:28:27,SPY
ETON,54.75,5.33,-6.94,49.55,236.72,1.3,1.76,2.77,14.17,4.03,-8.7,46.78,接近突破,56.0475,55.4178,-2.32,-1.21,-7.97,543400,623015.0,0.87,正常量能,66.83,接近爆發,2026-10-09 02:28:27,SPY
FORTY,118.15,4.1,-7.14,7.89,-21.16,1.3,1.76,2.77,14.17,2.8,-8.9,5.12,接近突破,116.7458,115.5689,1.2,2.23,-3.4,0,1175.0,0.0,縮量回踩,28.07,接近爆發,2026-10-09 02:28:27,SPY
JCAP,19.95,4.26,-7.42,6.99,-6.35,1.3,1.76,2.77,14.17,2.96,-9.18,4.22,接近突破,19.9488,20.8099,0.01,-4.13,-7.25,310800,280145.0,1.11,正常量能,25.06,接近爆發,2026-10-09 02:28:35,SPY
CWST,84.05,7.66,-7.8,-13.19,-14.8,1.3,1.76,2.77,14.17,6.36,-9.56,-15.96,接近突破,84.948,89.0622,-1.06,-5.63,-7.59,638700,608105.0,1.05,正常量能,30.72,接近爆發,2026-10-09 02:28:27,SPY
EXE,88.86,3.37,-8.03,2.46,-17.62,1.3,1.76,2.77,14.17,2.07,-9.79,-0.31,接近突破,88.045,92.685,0.93,-4.13,-6.3,2976100,3588980.0,0.83,正常量能,28.96,接近爆發,2026-10-09 02:28:27,SPY
CACC,542.82,6.03,-9.07,-13.28,19.58,1.3,1.76,2.77,14.17,4.73,-10.83,-16.05,接近突破,558.281,576.5092,-2.77,-5.84,-10.33,49800,124630.0,0.4,量價背馳,25.87,接近爆發,2026-10-09 02:28:14,SPY
AURA,6.505,7.7,-9.65,-4.9,22.74,1.3,1.76,2.77,14.17,6.4,-11.41,-7.67,接近突破,6.3865,7.082,1.86,-8.15,-7.2,1692200,1050545.0,1.61,放量突破,41.36,接近爆發,2026-10-09 02:28:14,SPY
AEBI,11.03,2.8,-10.76,-5.62,-11.89,1.3,1.76,2.77,14.17,1.5,-12.52,-8.39,接近突破,11.4095,12.1412,-3.33,-9.15,-8.54,383600,379070.0,1.01,正常量能,27.56,接近爆發,2026-10-09 02:28:14,SPY
EVER,20.74,3.8,-11.22,-16.47,-18.44,1.3,1.76,2.77,14.17,2.5,-12.98,-19.24,接近突破,20.7265,23.224,0.07,-10.7,-15.24,672100,988520.0,0.68,量價背馳,76.78,接近爆發,2026-10-09 02:28:27,SPY
AUR,5.73,3.8,-11.85,-10.19,48.06,1.3,1.76,2.77,14.17,2.5,-13.61,-12.96,接近突破,6.012,6.2293,-4.69,-8.02,-11.98,17509500,32355105.0,0.54,量價背馳,54.02,接近爆發,2026-10-09 02:28:14,SPY
ENLT,67.11,2.77,-11.89,-18.37,40.72,1.3,1.76,2.77,14.17,1.47,-13.65,-21.14,接近突破,70.2335,76.7122,-4.45,-12.52,-10.94,132000,192680.0,0.69,量價背馳,43.47,接近爆發,2026-10-09 02:28:27,SPY
FSLR,178.85,3.92,-11.94,-21.5,-34.81,1.3,1.76,2.77,14.17,2.62,-13.7,-24.27,接近突破,186.789,205.6038,-4.25,-13.01,-14.44,2068800,2369080.0,0.87,正常量能,54.96,接近爆發,2026-10-09 02:28:27,SPY
HNRG,14.5,7.25,-12.23,-11.21,-25.1,1.3,1.76,2.77,14.17,5.95,-13.99,-13.98,接近突破,14.4625,15.2634,0.26,-5.0,-5.48,2616400,862825.0,3.03,放量突破,55.78,接近爆發,2026-10-09 02:28:35,SPY
ACDC,4.7,6.82,-14.23,-4.47,16.34,1.3,1.76,2.77,14.17,5.52,-15.99,-7.24,接近突破,4.73,4.8064,-0.63,-2.21,-9.79,1037600,1323885.0,0.78,正常量能,52.56,接近爆發,2026-10-09 02:28:14,SPY
DYN,16.37,3.48,-14.7,-30.1,-11.51,1.3,1.76,2.77,14.17,2.18,-16.46,-32.87,接近突破,16.6497,21.7627,-1.68,-24.78,-11.61,6279500,3333665.0,1.88,放量突破,44.99,接近爆發,2026-10-09 02:28:27,SPY
CHYM,28.96,7.88,-16.18,38.43,9.7,1.3,1.76,2.77,14.17,6.58,-17.94,35.66,接近突破,28.9253,30.1949,0.12,-4.09,-14.75,4508300,6737900.0,0.67,量價背馳,48.92,接近爆發,2026-10-09 02:28:27,SPY
CAR,110.0,3.66,-17.06,-29.57,-14.21,1.3,1.76,2.77,14.17,2.36,-18.82,-32.34,接近突破,111.3975,128.6272,-1.25,-14.48,-9.64,340900,463850.0,0.73,正常量能,49.49,接近爆發,2026-10-09 02:28:14,SPY
BVC,12.925,18.25,-17.2,28.35,823.21,1.3,1.76,2.77,14.17,16.95,-18.96,25.58,接近突破,12.8235,13.29,0.79,-2.75,-19.62,10900,36890.0,0.3,量價背馳,86.2,接近爆發,2026-10-09 02:28:14,SPY
INNV,9.11,3.52,-17.41,-20.92,75.53,1.3,1.76,2.77,14.17,2.22,-19.17,-23.69,接近突破,9.6838,10.4031,-5.92,-12.43,-16.58,1184500,902810.0,1.31,正常量能,59.84,接近爆發,2026-10-09 02:28:35,SPY
JBIO,14.15,2.76,-25.76,-32.46,-0.07,1.3,1.76,2.77,14.17,1.46,-27.52,-35.23,接近突破,15.3705,18.986,-7.94,-25.47,-22.17,1667200,1034470.0,1.61,放量突破,58.34,接近爆發,2026-10-09 02:28:35,SPY
DGICB,18.0,6.76,-27.27,-20.76,5.37,1.3,1.76,2.77,14.17,5.46,-29.03,-23.53,接近突破,19.189,21.9673,-6.2,-18.06,-27.97,1600,3380.0,0.47,量價背馳,102.48,接近爆發,2026-10-09 02:28:27,SPY
CGEM,15.46,6.4,-27.45,-14.73,52.77,1.3,1.76,2.77,14.17,5.1,-29.21,-17.5,接近突破,17.6845,19.3132,-12.58,-19.95,-28.66,1137400,1378755.0,0.82,正常量能,94.64,接近爆發,2026-10-09 02:28:14,SPY
ALHC,8.71,12.53,-33.15,-56.08,-56.92,1.3,1.76,2.77,14.17,11.23,-34.91,-58.85,接近突破,8.7775,11.7403,-0.77,-25.81,-32.69,10584900,13583050.0,0.78,正常量能,103.6,接近爆發,2026-10-09 02:28:14,SPY
ILMN,264.57,-0.43,29.06,39.1,96.93,1.3,1.76,2.77,14.17,-1.73,27.3,36.33,接近突破,254.607,225.4548,3.91,17.35,-9.92,3169700,4577460.0,0.69,縮量回踩,61.03,低風險回踩,2026-10-09 02:28:35,SPY
ALAB,347.05,-2.63,15.48,-15.96,93.28,1.3,1.76,2.77,14.17,-3.93,13.72,-18.73,接近突破,335.4945,316.6072,3.44,9.62,-10.97,6444800,4373240.0,1.47,正常量能,91.62,低風險回踩,2026-10-09 02:28:14,SPY
CAI,27.5,-3.0,14.44,61.86,1.93,1.3,1.76,2.77,14.17,-4.3,12.68,59.09,接近突破,29.4522,25.4545,-6.63,8.04,-14.78,3861700,5149590.0,0.75,正常量能,78.37,低風險回踩,2026-10-09 02:28:14,SPY
AMRX,19.65,-2.09,13.91,15.52,55.21,1.3,1.76,2.77,14.17,-3.39,12.15,12.75,接近突破,19.2835,18.4402,1.9,6.56,-4.15,3241900,3387525.0,0.96,正常量能,49.63,低風險回踩,2026-10-09 02:28:14,SPY
CTKB,5.36,-7.75,13.32,16.02,8.94,1.3,1.76,2.77,14.17,-9.05,11.56,13.25,接近突破,5.4565,4.9278,-1.77,8.77,-11.99,1712500,1586370.0,1.08,正常量能,61.88,低風險回踩,2026-10-09 02:28:27,SPY
ALNT,108.63,-6.31,13.26,20.09,95.74,1.3,1.76,2.77,14.17,-7.61,11.5,17.32,接近突破,108.231,102.5681,0.37,5.91,-8.43,217200,228580.0,0.95,正常量能,61.68,低風險回踩,2026-10-09 02:28:14,SPY
INOD,61.2,-14.82,12.01,-9.73,15.49,1.3,1.76,2.77,14.17,-16.12,10.25,-12.5,接近突破,63.784,61.6642,-4.05,-0.75,-14.99,990700,1699420.0,0.58,縮量回踩,77.78,低風險回踩,2026-10-09 02:28:35,SPY
CYRX,16.9,-2.65,11.62,4.51,76.78,1.3,1.76,2.77,14.17,-3.95,9.86,1.74,接近突破,17.135,16.2318,-1.37,4.12,-6.84,1206900,798300.0,1.51,正常量能,28.82,低風險回踩,2026-10-09 02:28:27,SPY
FSLY,25.29,-4.17,11.36,29.1,148.18,1.3,1.76,2.77,14.17,-5.47,9.6,26.33,接近突破,25.472,24.6956,-0.71,2.41,-14.7,5521800,7772020.0,0.71,正常量能,95.62,低風險回踩,2026-10-09 02:28:27,SPY
GLBE,40.15,-0.15,11.19,4.34,6.05,1.3,1.76,2.77,14.17,-1.45,9.43,1.57,接近突破,39.2095,39.5878,2.4,1.42,-3.37,1468700,1610815.0,0.91,正常量能,37.03,低風險回踩,2026-10-09 02:28:35,SPY
FWDI,7.18,-8.3,9.62,67.37,-1.78,1.3,1.76,2.77,14.17,-9.6,7.86,64.6,接近突破,7.588,6.1618,-5.38,16.52,-16.51,2487500,2476215.0,1.0,正常量能,117.24,低風險回踩,2026-10-09 02:28:27,SPY
ABCL,12.02,-13.59,8.78,76.76,250.44,1.3,1.76,2.77,14.17,-14.89,7.02,73.99,接近突破,12.8115,11.1425,-6.18,7.88,-18.89,8474500,5606715.0,1.51,正常量能,67.72,低風險回踩,2026-10-09 02:28:14,SPY
COCO,55.98,-1.81,8.72,-21.6,4.71,1.3,1.76,2.77,14.17,-3.11,6.96,-24.37,接近突破,56.2357,59.5886,-0.45,-6.06,-6.07,2239800,1481990.0,1.51,放量突破,57.14,低風險回踩,2026-10-09 02:28:27,SPY
AVT,99.56,-2.62,8.52,14.73,104.48,1.3,1.76,2.77,14.17,-3.92,6.76,11.96,接近突破,99.659,94.8393,-0.1,4.98,-6.9,1453700,1459850.0,1.0,正常量能,50.57,低風險回踩,2026-10-09 02:28:14,SPY
DIOD,96.24,-1.28,6.85,-0.15,87.13,1.3,1.76,2.77,14.17,-2.58,5.09,-2.92,接近突破,96.0385,94.3392,0.21,2.01,-10.67,368700,555135.0,0.66,縮量回踩,52.0,低風險回踩,2026-10-09 02:28:27,SPY
ADPT,26.09,-4.68,6.84,23.88,63.98,1.3,1.76,2.77,14.17,-5.98,5.08,21.11,接近突破,27.7155,25.9748,-5.86,0.44,-12.57,2646900,2659550.0,1.0,正常量能,64.21,低風險回踩,2026-10-09 02:28:14,SPY
BRKR,57.92,-6.49,6.5,-3.48,20.78,1.3,1.76,2.77,14.17,-7.79,4.74,-6.25,接近突破,60.8514,58.8003,-4.82,-1.5,-10.55,2556000,2511675.0,1.02,正常量能,58.79,低風險回踩,2026-10-09 02:28:14,SPY
CRSR,13.09,-5.49,6.16,35.51,117.44,1.3,1.76,2.77,14.17,-6.79,4.4,32.74,接近突破,13.488,12.5936,-2.95,3.94,-5.49,1161400,1068380.0,1.09,正常量能,39.54,低風險回踩,2026-10-09 02:28:27,SPY
ASST,28.23,-6.24,5.77,128.4,63.18,1.3,1.76,2.77,14.17,-7.54,4.01,125.63,接近突破,29.1168,22.38,-3.05,26.14,-6.92,7855900,8625135.0,0.91,正常量能,48.14,低風險回踩,2026-10-09 02:28:14,SPY
ANL,15.51,-1.59,5.55,57.14,1023.91,1.3,1.76,2.77,14.17,-2.89,3.79,54.37,接近突破,15.446,14.4738,0.41,7.16,-6.57,985300,185125.0,5.32,放量突破,64.57,低風險回踩,2026-10-09 02:28:14,SPY
BATRA,57.76,-0.14,5.19,3.62,34.48,1.3,1.76,2.77,14.17,-1.44,3.43,0.85,接近突破,57.37,56.2715,0.68,2.65,-3.1,35100,54130.0,0.65,量價背馳,17.48,低風險回踩,2026-10-09 02:28:14,SPY
CROX,116.84,-2.01,5.18,-12.0,34.38,1.3,1.76,2.77,14.17,-3.31,3.42,-14.77,接近突破,119.432,123.0882,-2.17,-5.08,-7.37,1026800,1171390.0,0.88,正常量能,40.99,低風險回踩,2026-10-09 02:28:27,SPY
GRPN,19.12,-2.1,4.48,-26.6,10.46,1.3,1.76,2.77,14.17,-3.4,2.72,-29.37,接近突破,19.69,20.7882,-2.89,-8.02,-13.29,881500,1172630.0,0.75,正常量能,76.6,低風險回踩,2026-10-09 02:28:35,SPY
CSTL,33.71,-4.38,4.33,42.12,-12.53,1.3,1.76,2.77,14.17,-5.68,2.57,39.35,接近突破,34.9233,33.1099,-3.47,1.81,-8.35,373800,399980.0,0.93,正常量能,50.39,低風險回踩,2026-10-09 02:28:27,SPY
ARM,275.29,-5.83,4.19,-14.87,139.95,1.3,1.76,2.77,14.17,-7.13,2.43,-17.64,接近突破,288.8525,269.3694,-4.7,2.2,-17.38,6160000,5933445.0,1.04,正常量能,98.81,低風險回踩,2026-10-09 02:28:14,SPY
AXTI,71.66,-12.41,3.99,25.26,327.57,1.3,1.76,2.77,14.17,-13.71,2.23,22.49,接近突破,74.313,71.1782,-3.57,0.68,-17.31,10102700,8305670.0,1.22,正常量能,106.81,低風險回踩,2026-10-09 02:28:14,SPY
BIIB,218.43,-1.97,3.65,9.68,22.84,1.3,1.76,2.77,14.17,-3.27,1.89,6.91,接近突破,221.928,216.6928,-1.58,0.8,-4.49,1339000,1162250.0,1.15,正常量能,19.4,低風險回踩,2026-10-09 02:28:14,SPY
ABSI,8.94,-16.84,3.35,-15.66,147.65,1.3,1.76,2.77,14.17,-18.14,1.59,-18.43,接近突破,9.687,9.2118,-7.71,-2.95,-22.46,4681700,4566305.0,1.03,正常量能,105.58,低風險回踩,2026-10-09 02:28:14,SPY
CTSH,60.01,-1.43,3.11,41.79,-24.83,1.3,1.76,2.77,14.17,-2.73,1.35,39.02,接近突破,59.2785,59.467,1.23,0.91,-6.38,9927700,7113495.0,1.4,正常量能,47.24,低風險回踩,2026-10-09 02:28:27,SPY
FRHC,166.7,-3.87,2.63,0.37,34.19,1.3,1.76,2.77,14.17,-5.17,0.87,-2.4,接近突破,169.9515,163.6822,-1.91,1.84,-5.48,79900,97560.0,0.82,正常量能,36.97,低風險回踩,2026-10-09 02:28:27,SPY
ASML,1769.79,-2.14,2.33,-1.4,52.8,1.3,1.76,2.77,14.17,-3.44,0.57,-4.17,接近突破,1740.4495,1736.033,1.69,1.94,-5.22,1930400,1433640.0,1.35,正常量能,38.62,低風險回踩,2026-10-09 02:28:14,SPY
HTFL,47.63,-2.62,2.06,78.26,64.41,1.3,1.76,2.77,14.17,-3.92,0.3,75.49,接近突破,49.4855,44.0666,-3.75,8.09,-8.77,1993900,2012815.0,0.99,正常量能,53.8,低風險回踩,2026-10-09 02:28:35,SPY
GDYN,8.01,-4.42,2.04,36.46,-9.29,1.3,1.76,2.77,14.17,-5.72,0.28,33.69,接近突破,7.876,7.7776,1.7,2.99,-4.42,1028900,875545.0,1.18,正常量能,46.05,低風險回踩,2026-10-09 02:28:27,SPY
INDV,35.45,0.2,1.96,-12.47,-0.78,1.3,1.76,2.77,14.17,-1.1,0.2,-15.24,接近突破,35.5715,36.4573,-0.34,-2.76,-3.88,1527200,2082620.0,0.73,正常量能,25.53,低風險回踩,2026-10-09 02:28:35,SPY
CHEF,111.4,-1.03,1.93,16.3,78.55,1.3,1.76,2.77,14.17,-2.33,0.17,13.53,接近突破,110.906,111.0466,0.45,0.32,-4.31,439700,602865.0,0.73,正常量能,34.27,低風險回踩,2026-10-09 02:28:14,SPY
GH,165.56,-5.26,1.71,3.44,62.73,1.3,1.76,2.77,14.17,-6.56,-0.05,0.67,接近突破,174.853,167.5578,-5.31,-1.19,-11.57,1599400,1951215.0,0.82,正常量能,54.42,低風險回踩,2026-10-09 02:28:35,SPY
ICHR,58.83,-5.84,1.64,-41.35,188.24,1.3,1.76,2.77,14.17,-7.14,-0.12,-44.12,接近突破,57.8647,60.9074,1.67,-3.41,-7.11,610400,713820.0,0.86,正常量能,52.6,低風險回踩,2026-10-09 02:28:35,SPY
GILD,147.1,-0.27,1.56,13.94,23.15,1.3,1.76,2.77,14.17,-1.57,-0.2,11.17,接近突破,148.3148,143.8055,-0.82,2.29,-3.65,4489500,5749135.0,0.78,正常量能,18.53,低風險回踩,2026-10-09 02:28:35,SPY
IRDM,47.56,-0.65,1.39,-4.68,171.16,1.3,1.76,2.77,14.17,-1.95,-0.37,-7.45,接近突破,47.9498,47.9986,-0.81,-0.91,-3.02,1230500,1203835.0,1.02,正常量能,23.03,低風險回踩,2026-10-09 02:28:35,SPY
COLM,56.76,-1.61,1.25,-9.41,2.85,1.3,1.76,2.77,14.17,-2.91,-0.51,-12.18,接近突破,57.282,57.6056,-0.91,-1.47,-3.29,973000,711960.0,1.37,正常量能,22.28,低風險回踩,2026-10-09 02:28:27,SPY
CAMT,150.5,-2.14,1.24,4.67,30.3,1.3,1.76,2.77,14.17,-3.44,-0.52,1.9,接近突破,148.8785,148.6204,1.09,1.26,-8.89,461100,388430.0,1.19,正常量能,62.39,低風險回踩,2026-10-09 02:28:14,SPY
ALGM,36.27,-0.3,1.2,-33.9,34.78,1.3,1.76,2.77,14.17,-1.6,-0.56,-36.67,接近突破,35.899,37.9179,1.03,-4.35,-8.25,2574000,2770940.0,0.93,正常量能,53.36,低風險回踩,2026-10-09 02:28:14,SPY
HON,206.6,-3.37,0.81,-8.48,1.93,1.3,1.76,2.77,14.17,-4.67,-0.95,-11.25,接近突破,209.2565,218.6666,-1.27,-5.52,-3.52,2120300,2968000.0,0.71,正常量能,16.82,低風險回踩,2026-10-09 02:28:35,SPY
CLBT,11.34,1.8,-0.79,-28.86,-36.43,1.3,1.76,2.77,14.17,0.5,-2.55,-31.63,剛轉強,11.3253,12.1938,0.13,-7.0,-4.06,1056900,2667630.0,0.4,量價背馳,36.71,低風險回踩,2026-10-09 02:28:27,SPY
CINF,165.25,1.91,-1.78,-7.3,4.09,1.3,1.76,2.77,14.17,0.61,-3.54,-10.07,剛轉強,164.7097,168.9275,0.33,-2.18,-3.39,569800,727290.0,0.78,正常量能,15.14,低風險回踩,2026-10-09 02:28:27,SPY
DGICA,18.54,2.04,-2.42,-0.78,-1.57,1.3,1.76,2.77,14.17,0.74,-4.18,-3.55,剛轉強,18.4845,18.8449,0.3,-1.62,-4.68,125800,115605.0,1.09,正常量能,18.39,低風險回踩,2026-10-09 02:28:27,SPY
CRESY,11.58,1.94,-2.85,7.12,-6.54,1.3,1.76,2.77,14.17,0.64,-4.61,4.35,剛轉強,12.1035,11.582,-4.33,-0.02,-9.74,164200,291805.0,0.56,縮量回踩,46.83,低風險回踩,2026-10-09 02:28:27,SPY
AGYS,102.59,2.27,-3.31,-5.86,-11.19,1.3,1.76,2.77,14.17,0.97,-5.07,-8.63,剛轉強,101.0005,107.3356,1.57,-4.42,-5.94,258600,240185.0,1.08,正常量能,33.44,低風險回踩,2026-10-09 02:28:14,SPY
BCRX,8.29,2.09,-5.9,-20.67,10.53,1.3,1.76,2.77,14.17,0.79,-7.66,-23.44,剛轉強,8.382,9.1144,-1.1,-9.05,-5.58,5121500,5644115.0,0.91,正常量能,34.23,低風險回踩,2026-10-09 02:28:14,SPY
GDS,30.44,2.15,-6.02,-7.14,-20.61,1.3,1.76,2.77,14.17,0.85,-7.78,-9.91,剛轉強,31.356,32.0896,-2.92,-5.14,-11.12,2771600,1661615.0,1.67,正常量能,57.22,低風險回踩,2026-10-09 02:28:27,SPY
FUTU,108.76,2.19,-6.84,12.9,-38.08,1.3,1.76,2.77,14.17,0.89,-8.6,10.13,剛轉強,110.55,112.4136,-1.62,-3.25,-4.86,886000,1070690.0,0.83,正常量能,43.66,低風險回踩,2026-10-09 02:28:27,SPY
FTAI,171.06,2.24,-7.66,-24.59,-18.22,1.3,1.76,2.77,14.17,0.94,-9.42,-27.36,剛轉強,177.983,194.8459,-3.89,-12.21,-12.31,1938500,1432300.0,1.35,正常量能,60.04,低風險回踩,2026-10-09 02:28:27,SPY
FA,18.73,2.13,-8.86,-4.15,31.44,1.3,1.76,2.77,14.17,0.83,-10.62,-6.92,剛轉強,19.6645,20.5142,-4.75,-8.7,-15.93,1790300,1890860.0,0.95,正常量能,41.78,低風險回踩,2026-10-09 02:28:27,SPY
GGAL,36.76,1.91,-17.27,-31.35,-28.84,1.3,1.76,2.77,14.17,0.61,-19.03,-34.12,剛轉強,39.4907,42.686,-6.91,-13.88,-16.08,1111700,895360.0,1.24,正常量能,35.99,低風險回踩,2026-10-09 02:28:35,SPY
ICFI,86.82,2.18,0.73,13.18,2.35,1.3,1.76,2.77,14.17,0.88,-1.03,10.41,剛轉強,84.601,86.5525,2.62,0.31,-2.24,276100,194490.0,1.42,正常量能,28.27,早期轉強,2026-10-09 02:28:35,SPY
ACGL,96.08,1.93,-0.04,-4.93,2.37,1.3,1.76,2.77,14.17,0.63,-1.8,-7.7,剛轉強,95.352,97.4314,0.76,-1.39,-1.91,2281300,4039865.0,0.56,量價背馳,18.17,早期轉強,2026-10-09 02:28:14,SPY
JD,26.91,2.05,-0.33,-4.57,-5.62,1.3,1.76,2.77,14.17,0.75,-2.09,-7.34,剛轉強,26.7705,28.6416,0.52,-6.05,-1.72,6654700,6007155.0,1.11,正常量能,19.0,早期轉強,2026-10-09 02:28:35,SPY
EVRG,80.52,2.2,-0.86,-5.27,12.98,1.3,1.76,2.77,14.17,0.9,-2.62,-8.04,剛轉強,79.482,81.0429,1.31,-0.65,-1.35,1988700,2364460.0,0.84,正常量能,11.95,早期轉強,2026-10-09 02:28:27,SPY
AEP,122.32,2.15,-1.88,-8.99,8.05,1.3,1.76,2.77,14.17,0.85,-3.64,-11.76,剛轉強,120.218,122.8019,1.75,-0.39,-0.82,2769300,4146880.0,0.67,量價背馳,13.22,早期轉強,2026-10-09 02:28:14,SPY
GEN,22.75,2.25,-23.56,-11.81,-11.41,1.3,1.76,2.77,14.17,0.95,-25.32,-14.58,剛轉強,25.4155,27.6134,-10.49,-17.61,-27.57,10698000,13437605.0,0.8,正常量能,63.5,早期轉強,2026-10-09 02:28:35,SPY
CD,10.91,61.87,250.8,219.94,144.62,1.3,1.76,2.77,14.17,60.57,249.04,217.17,跑贏指數,5.521,4.1832,97.61,160.81,0.0,709600,243080.0,2.92,放量突破,158.46,過度延伸,2026-10-09 02:28:14,SPY
GRAL,132.61,0.04,71.15,84.18,49.22,1.3,1.76,2.77,14.17,-1.26,69.39,81.41,接近突破,114.13,90.7208,16.19,46.17,-13.93,1312100,1620690.0,0.81,正常量能,143.36,過度延伸,2026-10-09 02:28:35,SPY
IOVA,13.31,-6.47,57.89,214.66,428.17,1.3,1.76,2.77,14.17,-7.77,56.13,211.89,接近突破,11.6115,8.9554,14.63,48.63,-10.19,14813100,19430605.0,0.76,正常量能,123.49,過度延伸,2026-10-09 02:28:35,SPY
AHG,1.14,11.76,42.5,-25.0,-28.75,1.3,1.76,2.77,14.17,10.46,40.74,-27.77,跑贏指數,0.8799,1.0214,29.55,11.61,-5.79,8200,309440.0,0.03,縮量回踩,141.34,過度延伸,2026-10-09 02:28:14,SPY
BRZE,28.46,10.96,19.96,13.25,-12.57,1.3,1.76,2.77,14.17,9.66,18.2,10.48,跑贏指數,25.369,27.7162,12.18,2.68,0.0,2805800,2199470.0,1.28,正常量能,60.23,過度延伸,2026-10-09 02:28:14,SPY
EVCM,9.06,-8.39,34.02,-10.91,-21.56,1.3,1.76,2.77,14.17,-9.69,32.26,-13.68,接近突破,8.3175,9.1081,8.93,-0.53,-8.39,93100,175040.0,0.53,縮量回踩,103.36,跑輸觀望,2026-10-09 02:28:27,SPY
CDNA,62.205,-6.08,24.34,118.19,225.0,1.3,1.76,2.77,14.17,-7.38,22.58,115.42,接近突破,59.6498,52.5383,4.28,18.4,-10.94,1571200,1477325.0,1.06,正常量能,64.75,跑輸觀望,2026-10-09 02:28:14,SPY
CDNS,348.84,-0.54,22.57,-9.2,12.38,1.3,1.76,2.77,14.17,-1.84,20.81,-11.97,接近突破,317.1075,320.108,10.01,8.98,-2.98,1562700,2508635.0,0.62,縮量回踩,36.77,跑輸觀望,2026-10-09 02:28:14,SPY
COHU,68.37,-2.8,20.62,21.72,177.81,1.3,1.76,2.77,14.17,-4.1,18.86,18.95,接近突破,63.5575,56.704,7.57,20.57,-7.27,1049200,1053540.0,1.0,正常量能,72.25,跑輸觀望,2026-10-09 02:28:27,SPY
FORM,137.13,-7.62,20.1,16.69,131.68,1.3,1.76,2.77,14.17,-8.92,18.34,13.92,接近突破,128.498,119.113,6.72,15.13,-8.16,1680800,1981230.0,0.85,正常量能,69.95,跑輸觀望,2026-10-09 02:28:27,SPY
IBEX,44.4,0.27,19.87,34.18,22.25,1.3,1.76,2.77,14.17,-1.03,18.11,31.41,接近突破,42.397,39.0429,4.72,13.72,-0.29,72300,157215.0,0.46,量價背馳,34.07,跑輸觀望,2026-10-09 02:28:35,SPY
CLMB,32.6,-1.39,19.37,26.7,29.71,1.3,1.76,2.77,14.17,-2.69,17.61,23.93,接近突破,30.8115,29.0086,5.8,12.38,-3.35,103500,166670.0,0.62,縮量回踩,37.79,跑輸觀望,2026-10-09 02:28:27,SPY
ARHS,9.75,-1.22,15.93,24.05,-9.94,1.3,1.76,2.77,14.17,-2.52,14.17,21.28,接近突破,9.0308,8.9652,7.96,8.75,-4.79,1581900,1640825.0,0.96,正常量能,71.61,跑輸觀望,2026-10-09 02:28:14,SPY
ACLS,133.48,-2.36,15.51,-6.89,54.99,1.3,1.76,2.77,14.17,-3.66,13.75,-9.66,接近突破,122.586,125.1984,8.89,6.61,-9.67,252000,360765.0,0.7,縮量回踩,57.97,跑輸觀望,2026-10-09 02:28:14,SPY
BWIN,31.85,0.25,12.82,20.19,33.94,1.3,1.76,2.77,14.17,-1.05,11.06,17.42,接近突破,31.788,30.758,0.2,3.55,-1.97,1532100,5583015.0,0.27,量價背馳,29.33,跑輸觀望,2026-10-09 02:28:14,SPY
AOSL,28.41,-1.49,11.37,-24.36,37.51,1.3,1.76,2.77,14.17,-2.79,9.61,-27.13,接近突破,27.2855,28.2,4.12,0.74,-6.05,623300,560465.0,1.11,正常量能,54.73,跑輸觀望,2026-10-09 02:28:14,SPY
DSGX,81.35,0.2,10.77,12.88,-4.44,1.3,1.76,2.77,14.17,-1.1,9.01,10.11,接近突破,79.51,78.3706,2.31,3.8,0.0,644800,668595.0,0.96,正常量能,37.33,跑輸觀望,2026-10-09 02:28:27,SPY
CNXN,90.89,-1.81,9.86,17.94,61.17,1.3,1.76,2.77,14.17,-3.11,8.1,15.17,接近突破,88.9325,84.4515,2.2,7.62,-1.81,138900,156135.0,0.89,正常量能,20.52,跑輸觀望,2026-10-09 02:28:27,SPY
AMAT,509.57,-3.73,8.69,-15.33,90.2,1.3,1.76,2.77,14.17,-5.03,6.93,-18.1,接近突破,481.5905,489.6695,5.81,4.06,-6.03,6748000,6285350.0,1.07,正常量能,47.75,跑輸觀望,2026-10-09 02:28:14,SPY
CBNK,39.13,-1.68,8.69,11.99,41.12,1.3,1.76,2.77,14.17,-2.98,6.93,9.22,接近突破,37.303,37.0803,4.9,5.53,-3.26,172700,153235.0,1.13,正常量能,39.49,跑輸觀望,2026-10-09 02:28:14,SPY
CAKE,106.91,-0.96,3.19,29.53,104.97,1.3,1.76,2.77,14.17,-2.26,1.43,26.76,接近突破,103.8485,106.6898,2.95,0.21,-2.5,929900,1323445.0,0.7,正常量能,39.42,跑輸觀望,2026-10-09 02:28:14,SPY
HST,22.54,0.13,3.19,-1.89,31.42,1.3,1.76,2.77,14.17,-1.17,1.43,-4.66,接近突破,22.1648,22.5408,1.69,-0.0,-0.09,6250100,8691615.0,0.72,正常量能,14.89,跑輸觀望,2026-10-09 02:28:35,SPY
GRAB,3.11,-0.32,2.3,-20.87,-38.78,1.3,1.76,2.77,14.17,-1.62,0.54,-23.64,接近突破,3.0465,3.336,2.08,-6.77,-2.81,65514100,80943720.0,0.81,正常量能,44.75,跑輸觀望,2026-10-09 02:28:35,SPY
ATAI,7.35,0.14,1.66,1.8,1.8,1.3,1.76,2.77,14.17,-1.16,-0.1,-0.97,接近突破,7.3415,,0.12,,-1.21,0,13589400.0,0.0,縮量回踩,10.5,跑輸觀望,2026-10-09 02:28:14,SPY
KELYA,16.17,-1.58,1.32,19.88,91.02,1.3,1.76,2.77,14.17,-2.88,-0.44,17.11,接近突破,16.2105,16.1638,-0.25,0.04,-2.94,369300,267320.0,1.38,正常量能,25.45,跑輸觀望,2026-10-09 02:28:35,SPY
AIP,22.84,-4.87,0.75,-34.31,46.6,1.3,1.76,2.77,14.17,-6.17,-1.01,-37.08,跑輸指數,23.1745,24.5954,-1.44,-7.14,-7.83,638600,690415.0,0.92,正常量能,60.12,跑輸觀望,2026-10-09 02:28:14,SPY
HCM,13.67,-6.18,0.74,23.49,0.15,1.3,1.76,2.77,14.17,-7.48,-1.02,20.72,跑輸指數,14.026,13.0493,-2.54,4.76,-6.56,45100,61970.0,0.73,正常量能,47.22,跑輸觀望,2026-10-09 02:28:35,SPY
DJCO,641.5,-1.77,0.71,11.37,27.83,1.3,1.76,2.77,14.17,-3.07,-1.05,8.6,跑輸指數,657.2645,625.7142,-2.4,2.52,-6.71,42200,59450.0,0.71,正常量能,25.88,跑輸觀望,2026-10-09 02:28:27,SPY
FCBC,47.61,0.08,0.68,8.95,51.86,1.3,1.76,2.77,14.17,-1.22,-1.08,6.18,跑輸指數,47.3625,48.0891,0.52,-1.0,-0.81,69100,94170.0,0.73,正常量能,12.14,跑輸觀望,2026-10-09 02:28:27,SPY
DXCM,84.41,-2.11,0.63,12.61,26.86,1.3,1.76,2.77,14.17,-3.41,-1.13,9.84,跑輸指數,86.475,87.2578,-2.39,-3.26,-5.72,3607100,3947295.0,0.91,正常量能,23.81,跑輸觀望,2026-10-09 02:28:27,SPY
GCMG,12.97,-0.84,0.54,-4.36,18.33,1.3,1.76,2.77,14.17,-2.14,-1.22,-7.13,跑輸指數,12.9535,13.2039,0.13,-1.77,-2.41,263300,506155.0,0.52,量價背馳,24.03,跑輸觀望,2026-10-09 02:28:27,SPY
DHC,7.55,-2.45,0.53,-13.72,52.25,1.3,1.76,2.77,14.17,-3.75,-1.23,-16.49,跑輸指數,7.8575,8.0348,-3.91,-6.03,-7.59,2935900,2224675.0,1.32,正常量能,22.09,跑輸觀望,2026-10-09 02:28:27,SPY
ESQ,118.06,-0.11,0.46,0.93,17.15,1.3,1.76,2.77,14.17,-1.41,-1.3,-1.84,跑輸指數,120.002,121.1249,-1.62,-2.53,-4.53,116400,209885.0,0.55,量價背馳,20.9,跑輸觀望,2026-10-09 02:28:27,SPY
GEMI,4.47,-11.83,0.45,3.71,-56.85,1.3,1.76,2.77,14.17,-13.13,-1.31,0.94,跑輸指數,5.0297,4.5469,-11.13,-1.69,-25.38,1882800,2930575.0,0.64,縮量回踩,133.9,跑輸觀望,2026-10-09 02:28:35,SPY
DMII,10.19,0.0,0.3,0.89,2.93,1.3,1.76,2.77,14.17,-1.3,-1.46,-1.88,跑輸指數,10.1724,10.1504,0.17,0.39,0.0,250244,74752.0,3.35,正常量能,1.44,跑輸觀望,2026-10-09 02:28:27,SPY
CWBC,26.07,-0.65,0.23,-2.99,19.95,1.3,1.76,2.77,14.17,-1.95,-1.53,-5.76,跑輸指數,26.164,25.9598,-0.36,0.42,-2.61,196900,206140.0,0.96,正常量能,18.76,跑輸觀望,2026-10-09 02:28:27,SPY
FDUS,19.09,-1.39,0.11,-3.06,6.84,1.3,1.76,2.77,14.17,-2.69,-1.65,-5.83,跑輸指數,19.1889,19.2509,-0.52,-0.84,-2.45,315300,324850.0,0.97,正常量能,15.25,跑輸觀望,2026-10-09 02:28:27,SPY
BBNX,17.43,-7.63,0.06,2.35,-40.41,1.3,1.76,2.77,14.17,-8.93,-1.7,-0.42,跑輸指數,19.9085,18.5603,-12.45,-6.09,-23.59,1113800,1547630.0,0.72,正常量能,87.57,跑輸觀望,2026-10-09 02:28:14,SPY
CNXC,27.07,0.22,0.0,23.97,-31.67,1.3,1.76,2.77,14.17,-1.08,-1.76,21.2,跑輸指數,27.3975,27.0954,-1.2,-0.09,-11.27,1885700,2307765.0,0.82,正常量能,79.33,跑輸觀望,2026-10-09 02:28:27,SPY
GSBC,78.36,0.32,-0.01,1.48,30.11,1.3,1.76,2.77,14.17,-0.98,-1.77,-1.29,跑輸指數,78.5676,79.0837,-0.26,-0.92,-2.15,93600,91245.0,1.03,正常量能,13.35,跑輸觀望,2026-10-09 02:28:35,SPY
DBCA,10.02,0.1,-0.1,0.2,1.73,1.3,1.76,2.77,14.17,-1.2,-1.86,-2.57,跑輸指數,10.03,10.0164,-0.1,0.04,-0.6,200,104915.0,0.0,縮量回踩,2.99,跑輸觀望,2026-10-09 02:28:27,SPY
ENSG,171.49,1.1,-0.12,1.76,-1.29,1.3,1.76,2.77,14.17,-0.2,-1.88,-1.01,跑輸指數,173.6584,176.0325,-1.25,-2.58,-3.54,354900,379275.0,0.94,正常量能,20.45,跑輸觀望,2026-10-09 02:28:27,SPY
AUPH,16.22,1.69,-0.18,2.79,5.67,1.3,1.76,2.77,14.17,0.39,-1.94,0.02,跑輸指數,16.3365,16.0517,-0.71,1.05,-4.36,831000,829385.0,1.0,正常量能,26.49,跑輸觀望,2026-10-09 02:28:14,SPY
ALGT,76.42,1.27,-0.2,-31.17,-13.17,1.3,1.76,2.77,14.17,-0.03,-1.96,-33.94,跑輸指數,77.701,82.1012,-1.65,-6.92,-6.42,621700,506750.0,1.23,正常量能,37.21,跑輸觀望,2026-10-09 02:28:14,SPY
ATRC,52.84,-1.4,-0.36,54.14,34.56,1.3,1.76,2.77,14.17,-2.7,-2.12,51.37,跑輸指數,56.738,50.3732,-6.87,4.9,-13.05,595600,1558515.0,0.38,縮量回踩,40.52,跑輸觀望,2026-10-09 02:28:14,SPY
IDXX,513.14,-0.89,-0.39,-8.95,-23.41,1.3,1.76,2.77,14.17,-2.19,-2.15,-11.72,跑輸指數,516.5665,540.2456,-0.66,-5.02,-3.81,696700,504455.0,1.38,正常量能,20.58,跑輸觀望,2026-10-09 02:28:35,SPY
CTBI,75.39,0.19,-0.45,5.61,37.1,1.3,1.76,2.77,14.17,-1.11,-2.21,2.84,跑輸指數,75.6531,76.3262,-0.35,-1.23,-2.55,130300,136080.0,0.96,正常量能,15.0,跑輸觀望,2026-10-09 02:28:27,SPY
CZR,29.52,-0.34,-0.51,-1.07,25.3,1.3,1.76,2.77,14.17,-1.64,-2.27,-3.84,跑輸指數,29.6255,29.698,-0.36,-0.6,-0.54,6412400,5543820.0,1.16,正常量能,2.27,跑輸觀望,2026-10-09 02:28:27,SPY
DRS,35.87,-2.42,-0.53,-18.59,3.75,1.3,1.76,2.77,14.17,-3.72,-2.29,-21.36,跑輸指數,36.804,39.61,-2.54,-9.44,-5.48,1087000,1014380.0,1.07,正常量能,19.59,跑輸觀望,2026-10-09 02:28:27,SPY
HAFC,31.28,0.22,-0.57,-1.54,19.83,1.3,1.76,2.77,14.17,-1.08,-2.33,-4.31,跑輸指數,31.7365,31.7012,-1.44,-1.33,-3.22,287300,251540.0,1.14,正常量能,13.83,跑輸觀望,2026-10-09 02:28:35,SPY
AMKR,51.0,-3.59,-0.68,-27.5,19.41,1.3,1.76,2.77,14.17,-4.89,-2.44,-30.27,跑輸指數,51.8035,51.6136,-1.55,-1.19,-8.96,3535500,3701995.0,0.96,正常量能,58.13,跑輸觀望,2026-10-09 02:28:14,SPY
CIVB,26.94,1.39,-0.74,-2.03,25.71,1.3,1.76,2.77,14.17,0.09,-2.5,-4.8,跑輸指數,26.964,27.5677,-0.09,-2.28,-2.21,143200,130300.0,1.1,正常量能,14.7,跑輸觀望,2026-10-09 02:28:27,SPY
GABC,48.82,0.04,-0.87,4.58,28.14,1.3,1.76,2.77,14.17,-1.26,-2.63,1.81,跑輸指數,49.1335,49.732,-0.64,-1.83,-2.18,257400,153220.0,1.68,放量突破,12.21,跑輸觀望,2026-10-09 02:28:27,SPY
AAL,12.8,-2.51,-1.08,-24.48,-17.31,1.3,1.76,2.77,14.17,-3.81,-2.84,-27.25,跑輸指數,13.164,13.8598,-2.77,-7.65,-7.71,67162000,70493880.0,0.95,正常量能,31.02,跑輸觀望,2026-10-09 02:28:14,SPY
INVA,20.87,1.56,-1.23,-6.16,5.03,1.3,1.76,2.77,14.17,0.26,-2.99,-8.93,跑輸指數,20.8725,20.9536,-0.01,-0.4,-1.7,612300,1044780.0,0.59,縮量回踩,23.45,跑輸觀望,2026-10-09 02:28:35,SPY
BFST,30.71,0.82,-1.29,2.27,20.5,1.3,1.76,2.77,14.17,-0.48,-3.05,-0.5,跑輸指數,30.775,31.2178,-0.21,-1.63,-2.45,217500,216970.0,1.0,正常量能,13.13,跑輸觀望,2026-10-09 02:28:14,SPY
DBX,34.14,0.18,-1.3,16.96,26.77,1.3,1.76,2.77,14.17,-1.12,-3.06,14.19,跑輸指數,34.6605,34.5224,-1.5,-1.11,-9.54,3061600,4757360.0,0.64,量價背馳,42.29,跑輸觀望,2026-10-09 02:28:27,SPY
FBIZ,70.61,1.61,-1.31,11.38,33.99,1.3,1.76,2.77,14.17,0.31,-3.07,8.61,跑輸指數,70.66,70.685,-0.07,-0.11,-3.07,41500,64385.0,0.64,量價背馳,15.88,跑輸觀望,2026-10-09 02:28:27,SPY
AMAL,47.18,-1.38,-1.36,1.46,49.48,1.3,1.76,2.77,14.17,-2.68,-3.12,-1.31,跑輸指數,47.3685,48.4954,-0.4,-2.71,-2.1,246800,304425.0,0.81,正常量能,18.81,跑輸觀望,2026-10-09 02:28:14,SPY
CSQ,20.43,0.54,-1.38,0.16,12.29,1.3,1.76,2.77,14.17,-0.76,-3.14,-2.61,跑輸指數,20.5302,20.579,-0.49,-0.72,-2.99,140994,190995.0,0.74,正常量能,15.41,跑輸觀望,2026-10-09 02:28:27,SPY
CAC,56.38,-0.07,-1.4,5.76,34.41,1.3,1.76,2.77,14.17,-1.37,-3.16,2.99,跑輸指數,57.023,57.4072,-1.13,-1.79,-3.39,95800,95095.0,1.01,正常量能,18.57,跑輸觀望,2026-10-09 02:28:14,SPY
FELE,96.87,0.41,-1.41,-6.28,0.67,1.3,1.76,2.77,14.17,-0.89,-3.17,-9.05,跑輸指數,96.8525,100.8254,0.02,-3.92,-2.4,469900,352610.0,1.33,正常量能,14.71,跑輸觀望,2026-10-09 02:28:27,SPY
BELFB,242.5,-3.8,-1.43,-11.01,40.48,1.3,1.76,2.77,14.17,-5.1,-3.19,-13.78,跑輸指數,246.645,258.4522,-1.68,-6.17,-6.82,148400,151445.0,0.98,正常量能,43.59,跑輸觀望,2026-10-09 02:28:14,SPY
GEHC,64.22,0.38,-1.46,-0.69,-22.35,1.3,1.76,2.77,14.17,-0.92,-3.22,-3.46,跑輸指數,65.0387,68.7517,-1.26,-6.59,-3.83,4954900,3895035.0,1.27,正常量能,18.57,跑輸觀望,2026-10-09 02:28:27,SPY
CCNE,33.64,-0.12,-1.49,0.62,33.1,1.3,1.76,2.77,14.17,-1.42,-3.25,-2.15,跑輸指數,33.9165,34.1731,-0.82,-1.56,-2.89,101100,141660.0,0.71,正常量能,14.12,跑輸觀望,2026-10-09 02:28:14,SPY
CGNX,60.91,-2.11,-1.55,-8.69,65.63,1.3,1.76,2.77,14.17,-3.41,-3.31,-11.46,跑輸指數,61.0195,62.2042,-0.18,-2.08,-8.2,1824400,1749475.0,1.04,正常量能,51.58,跑輸觀望,2026-10-09 02:28:14,SPY
BWFG,65.66,0.06,-1.57,13.55,47.31,1.3,1.76,2.77,14.17,-1.24,-3.33,10.78,跑輸指數,66.3075,66.6094,-0.98,-1.43,-4.24,32500,73985.0,0.44,量價背馳,14.79,跑輸觀望,2026-10-09 02:28:14,SPY
EWBC,126.25,0.98,-1.58,-3.43,11.89,1.3,1.76,2.77,14.17,-0.32,-3.34,-6.2,跑輸指數,126.5065,129.298,-0.2,-2.36,-2.74,643500,916830.0,0.7,正常量能,16.1,跑輸觀望,2026-10-09 02:28:27,SPY
BSRR,39.72,1.33,-1.61,-2.67,25.04,1.3,1.76,2.77,14.17,0.03,-3.37,-5.44,跑輸指數,39.8815,40.1354,-0.4,-1.04,-3.33,43500,45190.0,0.96,正常量能,12.76,跑輸觀望,2026-10-09 02:28:14,SPY
HBT,35.53,-0.75,-1.72,11.6,41.43,1.3,1.76,2.77,14.17,-2.05,-3.48,8.83,跑輸指數,35.944,35.9979,-1.15,-1.3,-3.14,146700,143335.0,1.02,正常量能,16.42,跑輸觀望,2026-10-09 02:28:35,SPY
ACNB,63.19,0.48,-1.73,7.22,37.94,1.3,1.76,2.77,14.17,-0.82,-3.49,4.45,跑輸指數,63.7655,64.0724,-0.9,-1.38,-3.29,53900,64415.0,0.84,正常量能,13.34,跑輸觀望,2026-10-09 02:28:14,SPY
AAOI,105.9,-1.32,-1.88,-11.69,167.42,1.3,1.76,2.77,14.17,-2.62,-3.64,-14.46,跑輸指數,105.7685,113.4996,0.12,-6.7,-18.64,19238600,8591715.0,2.24,正常量能,92.53,跑輸觀望,2026-10-09 02:28:14,SPY
DRTS,14.0,-3.51,-1.89,10.15,189.86,1.3,1.76,2.77,14.17,-4.81,-3.65,7.38,跑輸指數,14.799,14.3222,-5.4,-2.25,-9.68,595200,478180.0,1.24,正常量能,35.34,跑輸觀望,2026-10-09 02:28:27,SPY
GCBC,34.34,1.3,-2.05,7.42,59.62,1.3,1.76,2.77,14.17,0.0,-3.81,4.65,跑輸指數,34.74,34.6785,-1.15,-0.98,-4.66,18700,43945.0,0.43,量價背馳,17.27,跑輸觀望,2026-10-09 02:28:27,SPY
FMNB,15.2,0.33,-2.26,7.44,18.72,1.3,1.76,2.77,14.17,-0.97,-4.02,4.67,跑輸指數,15.3885,15.5556,-1.22,-2.29,-4.76,296200,383765.0,0.77,正常量能,14.63,跑輸觀望,2026-10-09 02:28:27,SPY
BEAM,24.6,0.86,-2.28,-24.72,-9.36,1.3,1.76,2.77,14.17,-0.44,-4.04,-27.49,跑輸指數,24.545,26.5309,0.22,-7.28,-5.13,2425900,1889545.0,1.28,正常量能,43.75,跑輸觀望,2026-10-09 02:28:14,SPY
ARCC,18.74,-2.19,-2.31,2.27,-1.01,1.3,1.76,2.77,14.17,-3.49,-4.07,-0.5,跑輸指數,19.1456,19.2278,-2.12,-2.54,-4.63,3871800,4953865.0,0.78,正常量能,14.39,跑輸觀望,2026-10-09 02:28:14,SPY
GBDC,12.21,-3.48,-2.31,-2.99,-2.64,1.3,1.76,2.77,14.17,-4.78,-4.07,-5.76,跑輸指數,12.461,12.6153,-2.01,-3.21,-4.08,1765800,1621950.0,1.09,正常量能,16.5,跑輸觀望,2026-10-09 02:28:27,SPY
HWC,72.71,1.08,-2.31,-2.94,15.25,1.3,1.76,2.77,14.17,-0.22,-4.07,-5.71,跑輸指數,73.547,75.0181,-1.14,-3.08,-4.24,621200,933885.0,0.67,量價背馳,16.97,跑輸觀望,2026-10-09 02:28:35,SPY
CHCO,140.61,-0.55,-2.33,6.6,19.71,1.3,1.76,2.77,14.17,-1.85,-4.09,3.83,跑輸指數,141.632,143.5912,-0.72,-2.08,-3.13,109900,137005.0,0.8,正常量能,14.59,跑輸觀望,2026-10-09 02:28:14,SPY
ICUI,157.18,0.0,-2.37,1.79,13.46,1.3,1.76,2.77,14.17,-1.3,-4.13,-0.98,跑輸指數,159.0255,168.5934,-1.16,-6.77,-5.32,220600,252715.0,0.87,正常量能,24.54,跑輸觀望,2026-10-09 02:28:35,SPY
GIII,26.77,-2.9,-2.45,-22.69,-8.35,1.3,1.76,2.77,14.17,-4.2,-4.21,-25.46,跑輸指數,27.3805,30.703,-2.23,-12.81,-5.14,807300,768795.0,1.05,正常量能,22.41,跑輸觀望,2026-10-09 02:28:35,SPY
FMBH,49.24,-0.08,-2.46,3.25,29.62,1.3,1.76,2.77,14.17,-1.38,-4.22,0.48,跑輸指數,49.6815,50.4758,-0.89,-2.45,-3.56,156800,148620.0,1.06,正常量能,14.11,跑輸觀望,2026-10-09 02:28:27,SPY
APPS,10.78,-6.67,-2.53,2.08,125.52,1.3,1.76,2.77,14.17,-7.97,-4.29,-0.69,跑輸指數,11.2475,11.2958,-4.16,-4.57,-11.57,3142700,3082360.0,1.02,正常量能,71.5,跑輸觀望,2026-10-09 02:28:14,SPY
FSUN,38.9,0.26,-2.53,10.89,2.88,1.3,1.76,2.77,14.17,-1.04,-4.29,8.12,跑輸指數,39.2713,39.7759,-0.95,-2.2,-3.31,322600,407270.0,0.79,正常量能,20.77,跑輸觀望,2026-10-09 02:28:27,SPY
FHB,24.96,0.24,-2.54,-16.37,0.13,1.3,1.76,2.77,14.17,-1.06,-4.3,-19.14,跑輸指數,25.2298,26.0752,-1.07,-4.28,-3.44,2658200,2362055.0,1.13,正常量能,15.8,跑輸觀望,2026-10-09 02:28:27,SPY
HOPE,13.46,-0.3,-2.6,1.14,26.61,1.3,1.76,2.77,14.17,-1.6,-4.36,-1.63,跑輸指數,13.706,13.9017,-1.79,-3.18,-4.61,1192100,1045910.0,1.14,正常量能,15.31,跑輸觀望,2026-10-09 02:28:35,SPY
CASS,53.95,0.47,-2.62,4.25,35.59,1.3,1.76,2.77,14.17,-0.83,-4.38,1.48,跑輸指數,54.438,55.6797,-0.9,-3.11,-3.11,41300,81885.0,0.5,量價背馳,11.85,跑輸觀望,2026-10-09 02:28:14,SPY
BHRB,68.95,0.12,-2.71,-1.18,14.39,1.3,1.76,2.77,14.17,-1.18,-4.47,-3.95,跑輸指數,69.673,71.208,-1.04,-3.17,-3.65,127600,135660.0,0.94,正常量能,11.35,跑輸觀望,2026-10-09 02:28:14,SPY
IBCP,35.76,0.53,-2.72,0.4,13.72,1.3,1.76,2.77,14.17,-0.77,-4.48,-2.37,跑輸指數,35.996,36.8923,-0.66,-3.07,-4.26,155800,201285.0,0.77,正常量能,15.68,跑輸觀望,2026-10-09 02:28:35,SPY
GYRE,6.76,-3.43,-2.73,3.68,-0.73,1.3,1.76,2.77,14.17,-4.73,-4.49,0.91,跑輸指數,7.151,6.817,-5.47,-0.84,-10.46,82800,208845.0,0.4,縮量回踩,45.54,跑輸觀望,2026-10-09 02:28:35,SPY
FRME,39.59,0.03,-2.78,-7.33,8.51,1.3,1.76,2.77,14.17,-1.27,-4.54,-10.1,跑輸指數,40.412,41.3803,-2.03,-4.33,-5.13,567800,566220.0,1.0,正常量能,13.71,跑輸觀望,2026-10-09 02:28:27,SPY
ALRS,31.66,-0.22,-2.81,1.78,44.28,1.3,1.76,2.77,14.17,-1.52,-4.57,-0.99,跑輸指數,32.2678,32.7568,-1.88,-3.35,-4.47,174600,200810.0,0.87,正常量能,16.71,跑輸觀望,2026-10-09 02:28:14,SPY
HELE,26.55,-1.12,-2.82,0.8,28.82,1.3,1.76,2.77,14.17,-2.42,-4.58,-1.97,跑輸指數,27.445,28.2028,-3.26,-5.86,-10.09,2028200,518220.0,3.91,放量突破,43.49,跑輸觀望,2026-10-09 02:28:35,SPY
CATY,59.6,-0.8,-2.84,-2.54,24.93,1.3,1.76,2.77,14.17,-2.1,-4.6,-5.31,跑輸指數,60.9375,61.9586,-2.19,-3.81,-4.56,467200,513005.0,0.91,正常量能,14.47,跑輸觀望,2026-10-09 02:28:14,SPY
EBC,21.08,0.0,-2.9,-4.87,16.11,1.3,1.76,2.77,14.17,-1.3,-4.66,-7.64,跑輸指數,21.3363,22.0697,-1.2,-4.48,-3.57,2266500,2535360.0,0.89,正常量能,14.7,跑輸觀望,2026-10-09 02:28:27,SPY
CARE,30.47,0.36,-2.96,-6.13,57.9,1.3,1.76,2.77,14.17,-0.94,-4.72,-8.9,跑輸指數,30.457,31.5545,0.04,-3.44,-2.43,194200,258070.0,0.75,正常量能,17.82,跑輸觀望,2026-10-09 02:28:14,SPY
FCNCA,2065.8899,-0.37,-2.96,-1.18,-4.0,1.3,1.76,2.77,14.17,-1.67,-4.72,-3.95,跑輸指數,2095.5545,2157.0297,-1.42,-4.23,-4.97,91700,66735.0,1.37,正常量能,17.96,跑輸觀望,2026-10-09 02:28:27,SPY
HTHT,42.67,1.5,-2.98,5.81,-6.99,1.3,1.76,2.77,14.17,0.2,-4.74,3.04,跑輸指數,42.6855,43.6587,-0.04,-2.26,-2.25,1826300,1340160.0,1.36,正常量能,19.56,跑輸觀望,2026-10-09 02:28:35,SPY
EQIX,1011.16,-0.12,-3.06,-3.35,34.35,1.3,1.76,2.77,14.17,-1.42,-4.82,-6.12,跑輸指數,1024.679,1041.2159,-1.32,-2.89,-4.54,658700,508985.0,1.29,正常量能,27.19,跑輸觀望,2026-10-09 02:28:27,SPY
HBCP,66.7,-0.22,-3.07,-1.3,17.8,1.3,1.76,2.77,14.17,-1.52,-4.83,-4.07,跑輸指數,67.7095,69.356,-1.49,-3.83,-4.22,57000,66120.0,0.86,正常量能,12.86,跑輸觀望,2026-10-09 02:28:35,SPY
IBOC,68.4,-1.04,-3.13,-8.4,4.41,1.3,1.76,2.77,14.17,-2.34,-4.89,-11.17,跑輸指數,69.755,71.2641,-1.94,-4.02,-4.68,386500,409775.0,0.94,正常量能,11.39,跑輸觀望,2026-10-09 02:28:35,SPY
FFBC,31.2,-0.98,-3.14,-8.76,27.51,1.3,1.76,2.77,14.17,-2.28,-4.9,-11.53,跑輸指數,31.778,32.584,-1.82,-4.25,-4.7,793500,972610.0,0.82,正常量能,18.13,跑輸觀望,2026-10-09 02:28:27,SPY
IPGP,77.74,-7.08,-3.18,-27.84,3.87,1.3,1.76,2.77,14.17,-8.38,-4.94,-30.61,跑輸指數,78.7995,80.1632,-1.34,-3.02,-7.51,301900,431780.0,0.7,縮量回踩,42.5,跑輸觀望,2026-10-09 02:28:35,SPY
BFC,147.98,-1.02,-3.2,0.83,24.1,1.3,1.76,2.77,14.17,-2.32,-4.96,-1.94,跑輸指數,150.6696,152.4433,-1.79,-2.93,-3.78,65829,64226.0,1.02,正常量能,16.87,跑輸觀望,2026-10-09 02:28:14,SPY
FFIN,31.43,-1.01,-3.21,-8.45,6.78,1.3,1.76,2.77,14.17,-2.31,-4.97,-11.22,跑輸指數,32.329,33.2894,-2.78,-5.59,-6.54,1169200,912660.0,1.28,正常量能,14.57,跑輸觀望,2026-10-09 02:28:27,SPY
CCC,6.57,-0.76,-3.24,10.98,-16.52,1.3,1.76,2.77,14.17,-2.06,-5.0,8.21,跑輸指數,6.631,6.8608,-0.92,-4.24,-4.78,9822400,12197890.0,0.81,正常量能,32.8,跑輸觀望,2026-10-09 02:28:14,SPY
IDCC,328.3,-3.42,-3.25,23.94,1.33,1.3,1.76,2.77,14.17,-4.72,-5.01,21.17,跑輸指數,331.435,333.953,-0.95,-1.69,-6.23,178200,213280.0,0.84,正常量能,32.18,跑輸觀望,2026-10-09 02:28:35,SPY
BUSE,29.22,-0.81,-3.28,0.96,25.84,1.3,1.76,2.77,14.17,-2.11,-5.04,-1.81,跑輸指數,29.809,30.3332,-1.98,-3.67,-4.32,861700,864435.0,1.0,正常量能,13.5,跑輸觀望,2026-10-09 02:28:14,SPY
CRML,6.83,-5.14,-3.39,-14.09,-15.89,1.3,1.76,2.77,14.17,-6.44,-5.15,-16.86,跑輸指數,7.3095,7.0268,-6.56,-2.8,-26.8,4633200,10161455.0,0.46,縮量回踩,157.65,跑輸觀望,2026-10-09 02:28:27,SPY
GPRE,15.06,0.87,-3.71,-10.83,46.5,1.3,1.76,2.77,14.17,-0.43,-5.47,-13.6,跑輸指數,15.004,15.3304,0.37,-1.76,-1.83,1433500,1390045.0,1.03,正常量能,23.13,跑輸觀望,2026-10-09 02:28:35,SPY
HLMN,7.01,1.01,-3.71,-9.31,-19.52,1.3,1.76,2.77,14.17,-0.29,-5.47,-12.08,跑輸指數,7.0885,7.7932,-1.11,-10.05,-4.23,2011000,1997980.0,1.01,正常量能,22.43,跑輸觀望,2026-10-09 02:28:35,SPY
ABNB,163.23,1.72,-3.77,9.83,22.72,1.3,1.76,2.77,14.17,0.42,-5.53,7.06,跑輸指數,162.041,170.7604,0.73,-4.41,-4.35,3450400,4734375.0,0.73,正常量能,37.48,跑輸觀望,2026-10-09 02:28:14,SPY
DORM,121.67,-0.99,-3.89,-12.15,-1.96,1.3,1.76,2.77,14.17,-2.29,-5.65,-14.92,跑輸指數,123.447,128.8078,-1.44,-5.54,-3.94,218800,238640.0,0.92,正常量能,18.47,跑輸觀望,2026-10-09 02:28:27,SPY
APPF,197.45,-3.32,-3.99,12.46,-14.29,1.3,1.76,2.77,14.17,-4.62,-5.75,9.69,跑輸指數,207.5022,208.5226,-4.84,-5.31,-12.61,319800,316110.0,1.01,正常量能,37.3,跑輸觀望,2026-10-09 02:28:14,SPY
FULT,22.27,-1.42,-4.06,-7.12,17.36,1.3,1.76,2.77,14.17,-2.72,-5.82,-9.89,跑輸指數,22.8482,23.4279,-2.53,-4.94,-5.44,1514300,1891895.0,0.8,正常量能,14.56,跑輸觀望,2026-10-09 02:28:27,SPY
CLBK,11.01,-1.34,-4.09,14.5,57.79,1.3,1.76,2.77,14.17,-2.64,-5.85,11.73,跑輸指數,11.274,11.3521,-2.34,-3.01,-5.09,3441100,4908985.0,0.7,正常量能,25.61,跑輸觀望,2026-10-09 02:28:27,SPY
ACMR,70.8,-15.29,-4.1,-31.26,57.75,1.3,1.76,2.77,14.17,-16.59,-5.86,-34.03,跑輸指數,74.0575,76.4143,-4.4,-7.35,-15.29,1552600,1329435.0,1.17,正常量能,71.27,跑輸觀望,2026-10-09 02:28:14,SPY
GAIN,15.38,-2.29,-4.11,-5.15,15.71,1.3,1.76,2.77,14.17,-3.59,-5.87,-7.92,跑輸指數,15.7069,16.0532,-2.08,-4.19,-4.11,170900,151545.0,1.13,正常量能,13.69,跑輸觀望,2026-10-09 02:28:27,SPY
BWB,20.38,-0.2,-4.18,-5.03,16.26,1.3,1.76,2.77,14.17,-1.5,-5.94,-7.8,跑輸指數,20.6895,21.1392,-1.5,-3.59,-4.72,67600,102145.0,0.66,量價背馳,15.33,跑輸觀望,2026-10-09 02:28:14,SPY
BHF,48.99,-2.12,-4.22,-25.77,-24.13,1.3,1.76,2.77,14.17,-3.42,-5.98,-28.54,跑輸指數,50.5095,53.892,-3.01,-9.1,-8.36,835600,1028850.0,0.81,正常量能,27.74,跑輸觀望,2026-10-09 02:28:14,SPY
IBKR,86.47,0.77,-4.22,-8.02,29.0,1.3,1.76,2.77,14.17,-0.53,-5.98,-10.79,跑輸指數,88.9535,90.4604,-2.79,-4.41,-7.23,2997200,3924490.0,0.76,正常量能,30.69,跑輸觀望,2026-10-09 02:28:35,SPY
DXPE,178.58,-2.05,-4.28,9.83,65.78,1.3,1.76,2.77,14.17,-3.35,-6.04,7.06,跑輸指數,186.595,186.0204,-4.3,-4.0,-8.79,123500,143610.0,0.86,正常量能,42.76,跑輸觀望,2026-10-09 02:28:27,SPY
CNOB,30.22,-0.4,-4.34,-6.12,17.92,1.3,1.76,2.77,14.17,-1.7,-6.1,-8.89,跑輸指數,30.926,31.785,-2.28,-4.92,-5.24,554800,415190.0,1.34,正常量能,16.16,跑輸觀望,2026-10-09 02:28:27,SPY
BELFA,195.13,-4.23,-4.39,-14.97,27.74,1.3,1.76,2.77,14.17,-5.53,-6.15,-17.74,跑輸指數,200.384,211.6972,-2.62,-7.83,-6.89,147700,73070.0,2.02,正常量能,46.61,跑輸觀望,2026-10-09 02:28:14,SPY
DCOM,38.55,-2.45,-4.56,-2.55,31.82,1.3,1.76,2.77,14.17,-3.75,-6.32,-5.32,跑輸指數,40.021,40.4002,-3.68,-4.58,-6.0,969600,368535.0,2.63,正常量能,14.16,跑輸觀望,2026-10-09 02:28:27,SPY
ATAT,31.61,-2.11,-4.59,-1.86,-19.44,1.3,1.76,2.77,14.17,-3.41,-6.35,-4.63,跑輸指數,32.31,33.7176,-2.17,-6.25,-4.82,892900,893025.0,1.0,正常量能,23.91,跑輸觀望,2026-10-09 02:28:14,SPY
KELYB,22.19,-0.94,-4.64,-7.03,158.02,1.3,1.76,2.77,14.17,-2.24,-6.4,-9.8,跑輸指數,22.3985,22.8354,-0.93,-2.83,-3.02,600,12370.0,0.05,縮量回踩,24.61,跑輸觀望,2026-10-09 02:28:35,SPY
ABTC,7.75,-5.26,-4.67,26.43,-70.97,1.3,1.76,2.77,14.17,-6.56,-6.43,23.66,跑輸指數,8.8535,8.032,-12.46,-3.51,-24.76,1030900,1416670.0,0.73,正常量能,83.31,跑輸觀望,2026-10-09 02:28:14,SPY
IGIC,24.86,1.3,-4.75,-11.56,5.05,1.3,1.76,2.77,14.17,0.0,-6.51,-14.33,跑輸指數,24.9045,26.0161,-0.18,-4.44,-4.35,57400,100820.0,0.57,量價背馳,16.66,跑輸觀望,2026-10-09 02:28:35,SPY
INMD,14.08,0.21,-4.8,-7.85,-4.86,1.3,1.76,2.77,14.17,-1.09,-6.56,-10.62,跑輸指數,14.3332,14.7602,-1.77,-4.61,-5.5,365500,468360.0,0.78,正常量能,12.81,跑輸觀望,2026-10-09 02:28:35,SPY
CGBD,10.54,-2.14,-4.83,3.35,-7.1,1.3,1.76,2.77,14.17,-3.44,-6.59,0.58,跑輸指數,10.8499,10.8422,-2.86,-2.79,-6.42,661500,425555.0,1.55,放量突破,17.08,跑輸觀望,2026-10-09 02:28:14,SPY
HRMY,39.6,0.08,-4.85,7.49,5.94,1.3,1.76,2.77,14.17,-1.22,-6.61,4.72,跑輸指數,40.736,39.8442,-2.79,-0.61,-7.35,865000,1034610.0,0.84,正常量能,21.32,跑輸觀望,2026-10-09 02:28:35,SPY
HIMX,13.26,-8.24,-4.95,-12.93,58.19,1.3,1.76,2.77,14.17,-9.54,-6.71,-15.7,跑輸指數,14.159,14.023,-6.35,-5.44,-12.99,2199100,1104975.0,1.99,正常量能,63.18,跑輸觀望,2026-10-09 02:28:35,SPY
BANR,66.87,-0.65,-5.03,-0.32,9.58,1.3,1.76,2.77,14.17,-1.95,-6.79,-3.09,跑輸指數,68.8935,70.2135,-2.94,-4.76,-7.29,208400,276830.0,0.75,正常量能,14.45,跑輸觀望,2026-10-09 02:28:14,SPY
CBLL,23.15,-1.95,-5.16,18.35,8.69,1.3,1.76,2.77,14.17,-3.25,-6.92,15.58,跑輸指數,24.1695,23.1252,-4.22,0.11,-7.55,243800,349695.0,0.7,縮量回踩,38.6,跑輸觀望,2026-10-09 02:28:14,SPY
FLY,20.67,-9.54,-5.23,-14.2,-13.01,1.3,1.76,2.77,14.17,-10.84,-6.99,-16.97,跑輸指數,22.268,22.917,-7.18,-9.8,-15.15,3521800,3559825.0,0.99,正常量能,69.0,跑輸觀望,2026-10-09 02:28:27,SPY
GRFS,7.41,1.51,-5.24,1.93,-18.73,1.3,1.76,2.77,14.17,0.21,-7.0,-0.84,跑輸指數,7.376,7.6866,0.46,-3.6,-1.85,368100,643195.0,0.57,縮量回踩,20.4,跑輸觀望,2026-10-09 02:28:35,SPY
COLL,22.11,1.24,-5.35,-37.24,-51.44,1.3,1.76,2.77,14.17,-0.06,-7.11,-40.01,跑輸指數,22.3255,25.6528,-0.97,-13.81,-4.04,532900,860185.0,0.62,量價背馳,22.68,跑輸觀望,2026-10-09 02:28:27,SPY
ADBE,241.05,-0.1,-5.42,7.78,-27.68,1.3,1.76,2.77,14.17,-1.4,-7.18,5.01,跑輸指數,243.218,257.9914,-0.89,-6.57,-9.24,5802200,5219105.0,1.11,正常量能,37.63,跑輸觀望,2026-10-09 02:28:14,SPY
FOXF,18.5,0.71,-5.42,8.89,6.2,1.3,1.76,2.77,14.17,-0.59,-7.18,6.12,跑輸指數,18.886,19.8508,-2.04,-6.8,-6.71,960300,606570.0,1.58,正常量能,28.1,跑輸觀望,2026-10-09 02:28:27,SPY
CHW,8.05,0.88,-5.5,-6.8,13.46,1.3,1.76,2.77,14.17,-0.42,-7.26,-9.57,跑輸指數,8.1685,8.3304,-1.45,-3.37,-4.62,262211,209641.0,1.25,正常量能,17.88,跑輸觀望,2026-10-09 02:28:27,SPY
INDB,77.12,-2.29,-5.56,-7.14,7.95,1.3,1.76,2.77,14.17,-3.59,-7.32,-9.91,跑輸指數,80.0679,81.8486,-3.68,-5.78,-7.06,1083900,442555.0,2.45,正常量能,16.33,跑輸觀望,2026-10-09 02:28:35,SPY
CRSP,50.44,-9.02,-5.63,-5.45,-6.19,1.3,1.76,2.77,14.17,-10.32,-7.39,-8.22,跑輸指數,54.8032,54.8864,-7.96,-8.1,-14.55,2863400,1827625.0,1.57,正常量能,56.51,跑輸觀望,2026-10-09 02:28:27,SPY
FITB,50.7,0.58,-5.66,-10.42,8.88,1.3,1.76,2.77,14.17,-0.72,-7.42,-13.19,跑輸指數,51.7523,53.9397,-2.03,-6.01,-6.58,10522400,7118450.0,1.48,正常量能,21.44,跑輸觀望,2026-10-09 02:28:27,SPY
DJT,8.2,-6.71,-5.86,-3.98,-40.45,1.3,1.76,2.77,14.17,-8.01,-7.62,-6.75,跑輸指數,8.8325,9.0679,-7.16,-9.57,-12.58,3164500,3135230.0,1.01,正常量能,35.58,跑輸觀望,2026-10-09 02:28:27,SPY
DCTH,15.04,-2.4,-5.88,15.6,51.16,1.3,1.76,2.77,14.17,-3.7,-7.64,12.83,跑輸指數,15.856,15.8774,-5.15,-5.27,-8.52,416300,372705.0,1.12,正常量能,34.43,跑輸觀望,2026-10-09 02:28:27,SPY
IDYA,36.06,-4.63,-5.97,-2.51,6.53,1.3,1.76,2.77,14.17,-5.93,-7.73,-5.28,跑輸指數,37.7085,38.0638,-4.37,-5.26,-9.19,548700,877615.0,0.63,縮量回踩,35.12,跑輸觀望,2026-10-09 02:28:35,SPY
CBSH,54.61,-0.4,-5.99,-6.0,6.15,1.3,1.76,2.77,14.17,-1.7,-7.75,-8.77,跑輸指數,56.0875,57.5867,-2.63,-5.17,-6.89,665500,1024210.0,0.65,量價背馳,14.89,跑輸觀望,2026-10-09 02:28:14,SPY
EFSC,59.33,-0.29,-6.0,-8.7,11.64,1.3,1.76,2.77,14.17,-1.59,-7.76,-11.47,跑輸指數,60.741,63.0243,-2.32,-5.86,-6.99,162400,314875.0,0.52,量價背馳,14.85,跑輸觀望,2026-10-09 02:28:27,SPY
CHRW,141.34,-7.71,-6.06,-26.64,-12.7,1.3,1.76,2.77,14.17,-9.01,-7.82,-29.41,跑輸指數,149.116,147.9826,-5.21,-4.49,-10.39,2456500,2008945.0,1.22,正常量能,51.85,跑輸觀望,2026-10-09 02:28:27,SPY
DRVN,11.77,1.38,-6.07,-24.06,-18.83,1.3,1.76,2.77,14.17,0.08,-7.83,-26.83,跑輸指數,12.0173,12.7019,-2.06,-7.34,-5.99,1032100,1089605.0,0.95,正常量能,28.9,跑輸觀望,2026-10-09 02:28:27,SPY
DAKT,17.89,1.59,-6.09,-10.19,-9.83,1.3,1.76,2.77,14.17,0.29,-7.85,-12.96,跑輸指數,17.612,19.0222,1.58,-5.95,-0.5,279400,501200.0,0.56,量價背馳,28.11,跑輸觀望,2026-10-09 02:28:27,SPY
GNTX,21.15,-3.11,-6.14,-12.11,-8.81,1.3,1.76,2.77,14.17,-4.41,-7.9,-14.88,跑輸指數,21.9862,22.7511,-3.8,-7.04,-6.68,2741600,2282825.0,1.2,正常量能,16.8,跑輸觀望,2026-10-09 02:28:35,SPY
BLMN,8.48,1.19,-6.19,1.68,32.92,1.3,1.76,2.77,14.17,-0.11,-7.95,-1.09,跑輸指數,8.2575,9.4936,2.69,-10.68,-4.83,2264600,2610645.0,0.87,正常量能,60.43,跑輸觀望,2026-10-09 02:28:14,SPY
BNTX,92.06,-4.95,-6.19,0.62,-4.79,1.3,1.76,2.77,14.17,-6.25,-7.95,-2.15,跑輸指數,97.416,98.8194,-5.5,-6.84,-8.73,1205700,893060.0,1.35,正常量能,29.05,跑輸觀望,2026-10-09 02:28:14,SPY
HCSG,20.66,0.39,-6.22,-13.16,19.08,1.3,1.76,2.77,14.17,-0.91,-7.98,-15.93,跑輸指數,21.2135,21.8316,-2.61,-5.37,-6.26,844000,766235.0,1.1,正常量能,17.63,跑輸觀望,2026-10-09 02:28:35,SPY
GTX,25.75,-1.9,-6.33,-20.04,49.55,1.3,1.76,2.77,14.17,-3.2,-8.09,-22.81,跑輸指數,26.1413,27.408,-1.5,-6.05,-6.77,2580400,2539130.0,1.02,正常量能,29.88,跑輸觀望,2026-10-09 02:28:35,SPY
ANDE,66.53,1.59,-6.43,-7.58,26.51,1.3,1.76,2.77,14.17,0.29,-8.19,-10.35,跑輸指數,67.9091,67.7996,-2.03,-1.87,-7.38,340900,346340.0,0.98,正常量能,22.48,跑輸觀望,2026-10-09 02:28:14,SPY
FBNC,59.73,-2.99,-6.49,-5.9,18.73,1.3,1.76,2.77,14.17,-4.29,-8.25,-8.67,跑輸指數,62.1708,63.443,-3.93,-5.85,-7.2,189700,263810.0,0.72,正常量能,20.53,跑輸觀望,2026-10-09 02:28:27,SPY
BILI,14.85,0.47,-6.66,-16.1,-43.69,1.3,1.76,2.77,14.17,-0.83,-8.42,-18.87,跑輸指數,14.9883,16.2882,-0.92,-8.83,-5.65,1832300,2700890.0,0.68,縮量回踩,30.93,跑輸觀望,2026-10-09 02:28:14,SPY
HBAN,15.37,1.18,-6.66,-13.14,-9.49,1.3,1.76,2.77,14.17,-0.12,-8.42,-15.91,跑輸指數,15.6441,16.4823,-1.75,-6.75,-7.94,23990500,32497225.0,0.74,正常量能,26.85,跑輸觀望,2026-10-09 02:28:35,SPY
GLNG,48.42,0.25,-6.78,-5.05,29.54,1.3,1.76,2.77,14.17,-1.05,-8.54,-7.82,跑輸指數,49.9255,50.6582,-3.02,-4.42,-8.45,1811400,1508040.0,1.2,正常量能,22.54,跑輸觀望,2026-10-09 02:28:35,SPY
BVS,12.69,-5.65,-6.9,6.82,76.01,1.3,1.76,2.77,14.17,-6.95,-8.66,4.05,跑輸指數,13.3045,13.6896,-4.62,-7.3,-9.49,385600,440040.0,0.88,正常量能,35.04,跑輸觀望,2026-10-09 02:28:14,SPY
ESLT,665.09,-4.4,-6.9,-11.53,12.62,1.3,1.76,2.77,14.17,-5.7,-8.66,-14.3,跑輸指數,717.1815,745.0202,-7.26,-10.73,-11.4,60200,76330.0,0.79,正常量能,26.99,跑輸觀望,2026-10-09 02:28:27,SPY
FSBC,42.71,-0.49,-6.95,-10.3,21.95,1.3,1.76,2.77,14.17,-1.79,-8.71,-13.07,跑輸指數,43.8955,45.2846,-2.7,-5.69,-7.97,145500,209485.0,0.69,量價背馳,16.94,跑輸觀望,2026-10-09 02:28:27,SPY
FCFS,211.49,1.6,-6.98,-3.06,35.73,1.3,1.76,2.77,14.17,0.3,-8.74,-5.83,跑輸指數,215.7785,215.901,-1.99,-2.04,-7.4,296300,368400.0,0.8,正常量能,23.14,跑輸觀望,2026-10-09 02:28:27,SPY
HTLD,11.35,-2.49,-7.03,-23.18,24.68,1.3,1.76,2.77,14.17,-3.79,-8.79,-25.95,跑輸指數,11.723,12.1085,-3.18,-6.26,-9.19,908800,783620.0,1.16,正常量能,29.36,跑輸觀望,2026-10-09 02:28:35,SPY
EVLV,4.58,-2.76,-7.1,-22.64,-31.64,1.3,1.76,2.77,14.17,-4.06,-8.86,-25.41,跑輸指數,4.8223,5.2051,-5.02,-12.01,-11.24,3228900,2311285.0,1.4,正常量能,32.17,跑輸觀望,2026-10-09 02:28:27,SPY
HBNB,4.41,-3.29,-7.16,-17.11,-39.59,1.3,1.76,2.77,14.17,-4.59,-8.92,-19.88,跑輸指數,4.7994,5.1552,-8.11,-14.45,-14.86,3200,14680.0,0.22,縮量回踩,54.74,跑輸觀望,2026-10-09 02:28:35,SPY
HOOD,107.01,-3.72,-7.17,-4.43,-7.12,1.3,1.76,2.77,14.17,-5.02,-8.93,-7.2,跑輸指數,114.6785,106.7852,-6.69,0.21,-13.88,22621600,22114965.0,1.02,正常量能,51.77,跑輸觀望,2026-10-09 02:28:35,SPY
GLIBK,23.59,0.4,-7.27,5.12,-34.69,1.3,1.76,2.77,14.17,-0.9,-9.03,2.35,跑輸指數,24.0358,24.8401,-1.85,-5.03,-8.71,381500,333320.0,1.14,正常量能,21.76,跑輸觀望,2026-10-09 02:28:35,SPY
BKNG,159.97,-0.19,-7.54,-10.11,-24.33,1.3,1.76,2.77,14.17,-1.49,-9.3,-12.88,跑輸指數,164.0315,186.6391,-2.48,-14.29,-8.77,7778200,8784095.0,0.89,正常量能,30.18,跑輸觀望,2026-10-09 02:28:14,SPY
ALGN,141.03,-2.97,-7.78,-21.41,-9.61,1.3,1.76,2.77,14.17,-4.27,-9.54,-24.18,跑輸指數,146.2895,157.6112,-3.6,-10.52,-8.0,1344500,956040.0,1.41,正常量能,30.06,跑輸觀望,2026-10-09 02:28:14,SPY
JAZZ,222.45,-4.53,-7.82,-8.76,28.47,1.3,1.76,2.77,14.17,-5.83,-9.58,-11.53,跑輸指數,237.1855,245.1918,-6.21,-9.28,-9.53,1268600,796530.0,1.59,正常量能,23.63,跑輸觀望,2026-10-09 02:28:35,SPY
AGIO,31.92,-1.72,-7.83,-22.58,17.44,1.3,1.76,2.77,14.17,-3.02,-9.59,-25.35,跑輸指數,32.939,33.0844,-3.09,-3.52,-8.72,2078600,1157450.0,1.8,放量突破,29.74,跑輸觀望,2026-10-09 02:28:14,SPY
ARLP,24.65,1.27,-7.92,3.6,13.8,1.3,1.76,2.77,14.17,-0.03,-9.68,0.83,跑輸指數,25.2665,25.6009,-2.44,-3.71,-7.09,237800,289165.0,0.82,正常量能,13.95,跑輸觀望,2026-10-09 02:28:14,SPY
APP,280.12,-0.42,-8.18,-44.75,-54.7,1.3,1.76,2.77,14.17,-1.72,-9.94,-47.52,跑輸指數,305.9635,320.7094,-8.45,-12.66,-16.19,6124800,5509060.0,1.11,正常量能,50.5,跑輸觀望,2026-10-09 02:28:14,SPY
ASTE,38.78,-4.67,-8.36,-31.31,-12.43,1.3,1.76,2.77,14.17,-5.97,-10.12,-34.08,跑輸指數,40.975,42.8782,-5.36,-9.56,-8.28,212500,235075.0,0.9,正常量能,27.09,跑輸觀望,2026-10-09 02:28:14,SPY
ANNX,4.0,-2.91,-8.47,-31.03,-14.71,1.3,1.76,2.77,14.17,-4.21,-10.23,-33.8,跑輸指數,4.0385,4.6787,-0.95,-14.51,-5.44,3213900,3472190.0,0.93,正常量能,61.45,跑輸觀望,2026-10-09 02:28:14,SPY
AMBA,62.89,-10.54,-8.59,-18.64,-16.33,1.3,1.76,2.77,14.17,-11.84,-10.35,-21.41,跑輸指數,67.418,71.907,-6.72,-12.54,-13.47,1404800,1342040.0,1.05,正常量能,51.57,跑輸觀望,2026-10-09 02:28:14,SPY
HNST,4.97,-1.0,-8.64,23.94,90.42,1.3,1.76,2.77,14.17,-2.3,-10.4,21.17,跑輸指數,5.2387,5.15,-5.13,-3.5,-10.45,1998200,1656620.0,1.21,正常量能,29.92,跑輸觀望,2026-10-09 02:28:35,SPY
AEHR,87.21,-14.16,-8.74,20.12,293.55,1.3,1.76,2.77,14.17,-15.46,-10.5,17.35,跑輸指數,95.2735,97.864,-8.46,-10.89,-18.65,2592800,2434070.0,1.07,正常量能,85.15,跑輸觀望,2026-10-09 02:28:14,SPY
ASTS,56.93,-0.19,-8.8,-22.35,-31.8,1.3,1.76,2.77,14.17,-1.49,-10.56,-25.12,跑輸指數,60.0725,62.997,-5.23,-9.63,-10.61,18857600,11116645.0,1.7,正常量能,63.62,跑輸觀望,2026-10-09 02:28:14,SPY
CASH,72.09,-2.21,-8.8,-20.05,0.49,1.3,1.76,2.77,14.17,-3.51,-10.56,-22.82,跑輸指數,74.617,80.5413,-3.39,-10.49,-9.23,278100,260010.0,1.07,正常量能,22.34,跑輸觀望,2026-10-09 02:28:14,SPY
BIDU,83.92,-1.95,-8.81,-28.6,-44.17,1.3,1.76,2.77,14.17,-3.25,-10.57,-31.37,跑輸指數,88.2875,95.3886,-4.95,-12.02,-9.21,2578800,2287060.0,1.13,正常量能,25.33,跑輸觀望,2026-10-09 02:28:14,SPY
GLIBA,23.59,0.51,-8.81,4.57,-34.22,1.3,1.76,2.77,14.17,-0.79,-10.57,1.8,跑輸指數,24.0525,25.1216,-1.92,-6.1,-9.55,20200,40410.0,0.5,量價背馳,23.38,跑輸觀望,2026-10-09 02:28:35,SPY
CIGI,86.44,-5.5,-8.85,-11.47,-40.38,1.3,1.76,2.77,14.17,-6.8,-10.61,-14.24,跑輸指數,90.216,97.044,-4.19,-10.93,-8.04,228600,272040.0,0.84,正常量能,26.32,跑輸觀望,2026-10-09 02:28:27,SPY
AKAM,100.9,-5.64,-8.89,-20.04,18.57,1.3,1.76,2.77,14.17,-6.94,-10.65,-22.81,跑輸指數,108.707,111.3622,-7.18,-9.39,-14.81,5052300,6006595.0,0.84,正常量能,60.49,跑輸觀望,2026-10-09 02:28:14,SPY
ATEX,76.44,-7.32,-8.92,-24.29,243.86,1.3,1.76,2.77,14.17,-8.62,-10.68,-27.06,跑輸指數,80.7345,87.3176,-5.32,-12.46,-10.71,212600,291680.0,0.73,正常量能,53.93,跑輸觀望,2026-10-09 02:28:14,SPY
CHA,11.33,1.71,-9.0,3.0,-7.96,1.3,1.76,2.77,14.17,0.41,-10.76,0.23,跑輸指數,11.657,11.2206,-2.81,0.97,-9.43,582500,906450.0,0.64,量價背馳,36.03,跑輸觀望,2026-10-09 02:28:14,SPY
CHDN,76.16,1.79,-9.47,-10.94,-31.97,1.3,1.76,2.77,14.17,0.49,-11.23,-13.71,跑輸指數,79.0105,84.2832,-3.61,-9.64,-9.18,1881700,1299630.0,1.45,正常量能,37.25,跑輸觀望,2026-10-09 02:28:14,SPY
EWTX,39.23,-3.09,-9.59,-13.61,65.18,1.3,1.76,2.77,14.17,-4.39,-11.35,-16.38,跑輸指數,42.0815,42.8089,-6.78,-8.36,-16.43,1363500,1835060.0,0.74,正常量能,47.19,跑輸觀望,2026-10-09 02:28:27,SPY
HTO,58.07,-3.54,-9.67,-4.86,20.66,1.3,1.76,2.77,14.17,-4.84,-11.43,-7.63,跑輸指數,61.3115,62.3474,-5.29,-6.86,-8.03,593900,513535.0,1.16,正常量能,14.74,跑輸觀望,2026-10-09 02:28:35,SPY
EEFT,63.66,0.03,-9.77,-17.63,-14.09,1.3,1.76,2.77,14.17,-1.27,-11.53,-20.4,跑輸指數,65.7745,69.248,-3.21,-8.07,-11.8,1010200,626805.0,1.61,放量突破,22.77,跑輸觀望,2026-10-09 02:28:27,SPY
DOO,54.39,-0.49,-9.8,-7.64,-23.71,1.3,1.76,2.77,14.17,-1.79,-11.56,-10.41,跑輸指數,57.0476,61.0009,-4.66,-10.84,-10.54,375600,267550.0,1.4,正常量能,28.72,跑輸觀望,2026-10-09 02:28:27,SPY
GENB,13.99,1.38,-9.86,-2.37,10.59,1.3,1.76,2.77,14.17,0.08,-11.62,-5.14,跑輸指數,15.423,15.5132,-9.29,-9.82,-19.87,1155700,1229680.0,0.94,正常量能,60.1,跑輸觀望,2026-10-09 02:28:35,SPY
CRMD,7.32,-1.35,-9.96,-12.86,-39.8,1.3,1.76,2.77,14.17,-2.65,-11.72,-15.63,跑輸指數,7.647,7.841,-4.28,-6.64,-7.69,1018300,877640.0,1.16,正常量能,23.38,跑輸觀望,2026-10-09 02:28:27,SPY
CARG,29.24,-1.65,-9.98,-14.45,-22.34,1.3,1.76,2.77,14.17,-2.95,-11.74,-17.22,跑輸指數,31.6477,34.2816,-7.61,-14.71,-16.46,2811900,1623970.0,1.73,放量突破,34.46,跑輸觀望,2026-10-09 02:28:14,SPY
CPB,19.37,-0.62,-10.34,-11.11,-25.63,1.3,1.76,2.77,14.17,-1.92,-12.1,-13.88,跑輸指數,19.9368,21.5198,-2.84,-9.99,-8.29,11706200,7733155.0,1.51,放量突破,28.83,跑輸觀望,2026-10-09 02:28:27,SPY
ENPH,32.91,0.27,-10.38,-26.59,-2.49,1.3,1.76,2.77,14.17,-1.03,-12.14,-29.36,跑輸指數,33.9605,36.7116,-3.09,-10.36,-10.38,5094200,4671505.0,1.09,正常量能,35.64,跑輸觀望,2026-10-09 02:28:27,SPY
INCY,112.75,-3.75,-10.52,-3.39,11.17,1.3,1.76,2.77,14.17,-5.05,-12.28,-6.16,跑輸指數,121.1245,122.8148,-6.91,-8.2,-11.65,1927000,1746815.0,1.1,正常量能,23.87,跑輸觀望,2026-10-09 02:28:35,SPY
ADEA,24.33,-4.96,-10.55,-17.45,39.22,1.3,1.76,2.77,14.17,-6.26,-12.31,-20.22,跑輸指數,25.2752,26.3564,-3.74,-7.69,-8.91,1040241,1135532.0,0.92,正常量能,43.15,跑輸觀望,2026-10-09 02:28:14,SPY
KALU,149.74,0.91,-10.55,-5.95,26.33,1.3,1.76,2.77,14.17,-0.39,-12.31,-8.72,跑輸指數,151.929,161.0382,-1.44,-7.02,-4.75,221600,220275.0,1.01,正常量能,36.3,跑輸觀望,2026-10-09 02:28:35,SPY
ITRI,84.23,-2.33,-11.01,-1.02,-10.84,1.3,1.76,2.77,14.17,-3.63,-12.77,-3.79,跑輸指數,89.5505,95.49,-5.94,-11.79,-9.96,393800,643375.0,0.61,縮量回踩,21.35,跑輸觀望,2026-10-09 02:28:35,SPY
FER,50.29,-5.01,-11.09,-21.76,-21.33,1.3,1.76,2.77,14.17,-6.31,-12.85,-24.53,跑輸指數,54.1885,59.0433,-7.19,-14.83,-10.67,2748400,1957235.0,1.4,正常量能,23.69,跑輸觀望,2026-10-09 02:28:27,SPY
CALM,64.83,-1.53,-11.47,-26.61,-16.28,1.3,1.76,2.77,14.17,-2.83,-13.23,-29.38,跑輸指數,69.518,76.6288,-6.74,-15.4,-13.58,1569300,1450535.0,1.08,正常量能,29.63,跑輸觀望,2026-10-09 02:28:14,SPY
BKR,56.3,1.22,-11.53,-1.83,20.73,1.3,1.76,2.77,14.17,-0.08,-13.29,-4.6,跑輸指數,56.836,60.4181,-0.94,-6.82,-4.67,5819900,8104805.0,0.72,正常量能,26.2,跑輸觀望,2026-10-09 02:28:14,SPY
ALKS,40.11,-1.06,-11.65,-22.78,41.93,1.3,1.76,2.77,14.17,-2.36,-13.41,-25.55,跑輸指數,42.7485,46.1808,-6.17,-13.15,-14.13,3251000,2599215.0,1.25,正常量能,37.64,跑輸觀望,2026-10-09 02:28:14,SPY
CGON,63.26,-7.45,-12.09,-15.92,51.38,1.3,1.76,2.77,14.17,-8.75,-13.85,-18.69,跑輸指數,70.6525,73.4586,-10.46,-13.88,-19.16,910300,1102615.0,0.83,正常量能,52.23,跑輸觀望,2026-10-09 02:28:14,SPY
APLD,23.85,-1.28,-12.12,-23.43,-15.15,1.3,1.76,2.77,14.17,-2.58,-13.88,-26.2,跑輸指數,25.6065,27.1042,-6.86,-12.01,-16.43,55283900,20928380.0,2.64,放量突破,71.33,跑輸觀望,2026-10-09 02:28:14,SPY
AVO,11.79,-8.03,-12.15,-11.55,1.81,1.3,1.76,2.77,14.17,-9.33,-13.91,-14.32,跑輸指數,12.748,12.839,-7.51,-8.17,-10.27,2730300,997810.0,2.74,正常量能,31.22,跑輸觀望,2026-10-09 02:28:14,SPY
CRTO,15.29,0.39,-12.33,-33.17,-23.7,1.3,1.76,2.77,14.17,-0.91,-14.09,-35.94,跑輸指數,16.0745,17.3609,-4.88,-11.93,-12.33,227000,287385.0,0.79,正常量能,24.41,跑輸觀望,2026-10-09 02:28:27,SPY
AEVA,13.69,-4.2,-12.36,-34.78,7.37,1.3,1.76,2.77,14.17,-5.5,-14.12,-37.55,跑輸指數,14.697,17.2486,-6.85,-20.63,-12.36,1844300,1424650.0,1.29,正常量能,54.51,跑輸觀望,2026-10-09 02:28:14,SPY
AVAH,12.24,-1.53,-12.7,26.19,51.49,1.3,1.76,2.77,14.17,-2.83,-14.46,23.42,跑輸指數,13.0475,12.3948,-6.19,-1.25,-14.88,2489800,3355830.0,0.74,正常量能,27.33,跑輸觀望,2026-10-09 02:28:14,SPY
HLNE,85.66,-3.29,-12.77,6.36,-36.08,1.3,1.76,2.77,14.17,-4.59,-14.53,3.59,跑輸指數,87.9305,95.9195,-2.58,-10.7,-10.41,642800,676255.0,0.95,正常量能,24.35,跑輸觀望,2026-10-09 02:28:35,SPY
GERN,1.22,0.83,-12.86,-18.67,-7.58,1.3,1.76,2.77,14.17,-0.47,-14.62,-21.44,跑輸指數,1.264,1.4036,-3.48,-13.08,-10.95,10156100,10198465.0,1.0,正常量能,30.12,跑輸觀望,2026-10-09 02:28:35,SPY
CMPR,74.28,-1.0,-12.92,-25.52,13.13,1.3,1.76,2.77,14.17,-2.3,-14.68,-28.29,跑輸指數,78.716,86.5948,-5.64,-14.22,-12.37,103800,194855.0,0.53,量價背馳,23.22,跑輸觀望,2026-10-09 02:28:27,SPY
ALNY,224.53,-2.88,-12.97,-24.85,-43.89,1.3,1.76,2.77,14.17,-4.18,-14.73,-27.62,跑輸指數,240.462,236.8404,-6.63,-5.2,-12.28,1771700,1344030.0,1.32,正常量能,41.95,跑輸觀望,2026-10-09 02:28:14,SPY
CG,38.39,-4.95,-12.97,-13.52,-35.59,1.3,1.76,2.77,14.17,-6.25,-14.73,-16.29,跑輸指數,39.989,44.7435,-4.0,-14.2,-9.33,4629000,3677000.0,1.26,正常量能,23.44,跑輸觀望,2026-10-09 02:28:14,SPY
DNLI,18.67,-9.06,-13.44,-27.3,14.75,1.3,1.76,2.77,14.17,-10.36,-15.2,-30.07,跑輸指數,20.3,22.5089,-8.03,-17.06,-13.56,2366500,1970320.0,1.2,正常量能,40.41,跑輸觀望,2026-10-09 02:28:27,SPY
ARDX,3.27,-3.25,-13.95,-38.07,-46.83,1.3,1.76,2.77,14.17,-4.55,-15.71,-40.84,跑輸指數,3.4165,3.8154,-4.29,-14.29,-9.67,6538200,4600390.0,1.42,正常量能,28.26,跑輸觀望,2026-10-09 02:28:14,SPY
CRWV,81.58,-7.89,-14.07,-8.21,2.85,1.3,1.76,2.77,14.17,-9.19,-15.83,-10.98,跑輸指數,85.987,88.2642,-5.13,-7.57,-11.06,42122500,30227065.0,1.39,正常量能,57.25,跑輸觀望,2026-10-09 02:28:27,SPY
IRTC,102.6,-7.61,-14.19,-11.65,-41.45,1.3,1.76,2.77,14.17,-8.91,-15.95,-14.42,跑輸指數,110.5275,117.6619,-7.17,-12.8,-10.56,668300,513260.0,1.3,正常量能,24.61,跑輸觀望,2026-10-09 02:28:35,SPY
CPRT,27.48,0.7,-14.21,-0.15,-27.24,1.3,1.76,2.77,14.17,-0.6,-15.97,-2.92,跑輸指數,28.4705,30.2782,-3.48,-9.24,-13.39,12051300,10803340.0,1.12,正常量能,35.44,跑輸觀望,2026-10-09 02:28:27,SPY
KC,8.74,-4.27,-14.4,-19.89,-20.04,1.3,1.76,2.77,14.17,-5.57,-16.16,-22.66,跑輸指數,9.479,10.473,-7.8,-16.55,-14.9,1993800,1189880.0,1.68,正常量能,43.73,跑輸觀望,2026-10-09 02:28:35,SPY
COO,54.3,-5.42,-14.46,-23.2,-33.05,1.3,1.76,2.77,14.17,-6.72,-16.22,-25.97,跑輸指數,55.381,65.6966,-1.95,-17.35,-5.42,5846900,4969440.0,1.18,正常量能,25.9,跑輸觀望,2026-10-09 02:28:27,SPY
BBIO,65.04,-2.79,-14.51,-24.28,-16.87,1.3,1.76,2.77,14.17,-4.09,-16.27,-27.05,跑輸指數,67.299,74.8684,-3.36,-13.13,-10.22,3362000,3136145.0,1.07,正常量能,34.16,跑輸觀望,2026-10-09 02:28:14,SPY
ASND,222.69,-2.03,-14.62,-17.66,4.41,1.3,1.76,2.77,14.17,-3.33,-16.38,-20.43,跑輸指數,234.6278,246.5251,-5.09,-9.67,-15.94,924100,969850.0,0.95,正常量能,47.53,跑輸觀望,2026-10-09 02:28:14,SPY
HSAI,15.61,-2.01,-14.7,-3.4,-35.17,1.3,1.76,2.77,14.17,-3.31,-16.46,-6.17,跑輸指數,16.3263,17.3193,-4.39,-9.87,-10.13,1031500,982525.0,1.05,正常量能,41.53,跑輸觀望,2026-10-09 02:28:35,SPY
JBHT,228.42,0.54,-14.71,-18.27,16.72,1.3,1.76,2.77,14.17,-0.76,-16.47,-21.04,跑輸指數,236.831,256.3366,-3.55,-10.89,-16.94,1028700,1223900.0,0.84,正常量能,53.52,跑輸觀望,2026-10-09 02:28:35,SPY
ATRO,64.45,-5.75,-14.75,-11.1,42.65,1.3,1.76,2.77,14.17,-7.05,-16.51,-13.87,跑輸指數,68.005,73.8262,-5.23,-12.7,-12.88,359100,630245.0,0.57,縮量回踩,40.98,跑輸觀望,2026-10-09 02:28:14,SPY
AXON,417.31,-1.16,-14.83,-26.24,-25.94,1.3,1.76,2.77,14.17,-2.46,-16.59,-29.01,跑輸指數,438.7265,520.7314,-4.88,-19.86,-14.87,1570900,1159610.0,1.35,正常量能,49.94,跑輸觀望,2026-10-09 02:28:14,SPY
CORZ,15.36,-6.06,-15.09,-34.61,-3.94,1.3,1.76,2.77,14.17,-7.36,-16.85,-37.38,跑輸指數,16.9925,18.2358,-9.61,-15.77,-18.25,15703800,11627825.0,1.35,正常量能,54.96,跑輸觀望,2026-10-09 02:28:27,SPY
FIVE,209.73,-5.17,-15.13,10.74,8.42,1.3,1.76,2.77,14.17,-6.47,-16.89,7.97,跑輸指數,226.5735,234.882,-7.43,-10.71,-15.97,1197400,1097015.0,1.09,正常量能,33.23,跑輸觀望,2026-10-09 02:28:27,SPY
IMCR,29.09,-4.75,-15.61,-8.95,-13.88,1.3,1.76,2.77,14.17,-6.05,-17.37,-11.72,跑輸指數,31.0272,33.6049,-6.24,-13.44,-10.77,424500,438710.0,0.97,正常量能,21.58,跑輸觀望,2026-10-09 02:28:35,SPY
AAPG,14.55,-8.49,-15.94,-27.14,-44.82,1.3,1.76,2.77,14.17,-9.79,-17.7,-29.91,跑輸指數,15.4868,16.7831,-6.05,-13.31,-11.33,12000,6740.0,1.78,正常量能,65.9,跑輸觀望,2026-10-09 02:28:14,SPY
AMLX,27.2,-3.13,-16.05,53.07,138.18,1.3,1.76,2.77,14.17,-4.43,-17.81,50.3,跑輸指數,30.3783,29.9967,-10.46,-9.32,-19.86,2622200,1503560.0,1.74,正常量能,46.08,跑輸觀望,2026-10-09 02:28:14,SPY
ARRY,3.75,-3.6,-16.29,-41.13,-61.26,1.3,1.76,2.77,14.17,-4.9,-18.05,-43.9,跑輸指數,4.0555,4.5805,-7.53,-18.13,-18.83,5531300,6660430.0,0.83,正常量能,54.01,跑輸觀望,2026-10-09 02:28:14,SPY
CYTK,62.01,-5.5,-16.33,-26.94,0.45,1.3,1.76,2.77,14.17,-6.8,-18.09,-29.71,跑輸指數,66.5505,72.1844,-6.82,-14.1,-15.94,2594600,2377540.0,1.09,正常量能,27.36,跑輸觀望,2026-10-09 02:28:27,SPY
AGNC,8.68,-3.02,-16.35,-19.24,-12.12,1.3,1.76,2.77,14.17,-4.32,-18.11,-22.01,跑輸指數,9.3827,10.0841,-7.49,-13.92,-13.38,43548400,45026005.0,0.97,正常量能,22.89,跑輸觀望,2026-10-09 02:28:14,SPY
CCXI,11.04,-4.99,-16.36,-29.0,7.6,1.3,1.76,2.77,14.17,-6.29,-18.12,-31.77,跑輸指數,12.1715,13.7476,-9.3,-19.7,-18.7,2903800,2644070.0,1.1,正常量能,54.12,跑輸觀望,2026-10-09 02:28:14,SPY
BMM,4.82,-0.41,-16.75,-27.63,6.64,1.3,1.76,2.77,14.17,-1.71,-18.51,-30.4,跑輸指數,5.1792,5.3933,-6.94,-10.63,-16.54,149100,418440.0,0.36,縮量回踩,65.09,跑輸觀望,2026-10-09 02:28:14,SPY
ANAB,46.21,-4.98,-17.04,-30.4,54.2,1.3,1.76,2.77,14.17,-6.28,-18.8,-33.17,跑輸指數,51.354,54.5214,-10.02,-15.24,-16.29,554200,587975.0,0.94,正常量能,32.81,跑輸觀望,2026-10-09 02:28:14,SPY
ADAM,7.65,-1.67,-17.19,-13.86,13.31,1.3,1.76,2.77,14.17,-2.97,-18.95,-16.63,跑輸指數,8.2083,8.9331,-6.8,-14.36,-13.07,1419500,1381475.0,1.03,正常量能,25.43,跑輸觀望,2026-10-09 02:28:14,SPY
ELE,17.48,-4.84,-17.23,9.35,11.27,1.3,1.76,2.77,14.17,-6.14,-18.99,6.58,跑輸指數,19.8324,20.0854,-11.86,-12.97,-19.4,356600,500785.0,0.71,正常量能,48.56,跑輸觀望,2026-10-09 02:28:27,SPY
GT,4.75,-5.57,-17.39,-30.25,-46.75,1.3,1.76,2.77,14.17,-6.87,-19.15,-33.02,跑輸指數,5.0495,5.7708,-5.93,-17.69,-13.48,9474000,10315505.0,0.92,正常量能,46.73,跑輸觀望,2026-10-09 02:28:35,SPY
HIVE,2.56,-12.33,-17.42,-23.58,-6.23,1.3,1.76,2.77,14.17,-13.63,-19.18,-26.35,跑輸指數,3.0595,2.9496,-16.33,-13.21,-27.68,10799100,11500965.0,0.94,正常量能,64.07,跑輸觀望,2026-10-09 02:28:35,SPY
ETOR,25.26,-2.02,-17.45,-35.48,-29.2,1.3,1.76,2.77,14.17,-3.32,-19.21,-38.25,跑輸指數,27.073,29.8716,-6.7,-15.44,-16.77,794200,1079105.0,0.74,正常量能,29.94,跑輸觀望,2026-10-09 02:28:27,SPY
IART,13.41,-16.66,-17.48,-28.63,11.66,1.3,1.76,2.77,14.17,-17.96,-19.24,-31.4,跑輸指數,15.17,16.2964,-11.6,-17.71,-19.41,1459600,1162620.0,1.26,正常量能,86.77,跑輸觀望,2026-10-09 02:28:35,SPY
BTBT,1.36,-16.05,-18.07,-19.53,-33.33,1.3,1.76,2.77,14.17,-17.35,-19.83,-22.3,跑輸指數,1.6175,1.5352,-15.92,-11.41,-26.88,16785100,23435195.0,0.72,正常量能,76.05,跑輸觀望,2026-10-09 02:28:14,SPY
CHTR,109.67,-1.53,-18.09,-16.11,-47.6,1.3,1.76,2.77,14.17,-2.83,-19.85,-18.88,跑輸指數,120.0605,138.1164,-8.65,-20.6,-24.77,3411300,3119435.0,1.09,正常量能,36.03,跑輸觀望,2026-10-09 02:28:27,SPY
CSIQ,11.02,-2.22,-18.13,-26.63,-56.63,1.3,1.76,2.77,14.17,-3.52,-19.89,-29.4,跑輸指數,11.501,13.3168,-4.18,-17.25,-14.9,1885400,1796710.0,1.05,正常量能,62.45,跑輸觀望,2026-10-09 02:28:27,SPY
ARGX,818.63,-12.54,-18.33,-6.72,-2.54,1.3,1.76,2.77,14.17,-13.84,-20.09,-9.49,跑輸指數,954.624,957.29,-14.25,-14.48,-17.79,2454200,388855.0,6.31,正常量能,45.66,跑輸觀望,2026-10-09 02:28:14,SPY
ESTA,60.61,-3.85,-18.66,-31.15,-11.96,1.3,1.76,2.77,14.17,-5.15,-20.42,-33.92,跑輸指數,66.909,73.0276,-9.41,-17.0,-15.73,560100,349860.0,1.6,正常量能,36.21,跑輸觀望,2026-10-09 02:28:27,SPY
HROW,30.52,-0.29,-18.72,-28.15,-38.85,1.3,1.76,2.77,14.17,-1.59,-20.48,-30.92,跑輸指數,32.3955,36.4864,-5.79,-16.35,-11.48,566000,624985.0,0.91,正常量能,31.24,跑輸觀望,2026-10-09 02:28:35,SPY
ALLO,1.4,-9.09,-19.08,-30.0,3.7,1.3,1.76,2.77,14.17,-10.39,-20.84,-32.77,跑輸指數,1.623,1.849,-13.74,-24.28,-21.35,7977800,5669510.0,1.41,正常量能,25.63,跑輸觀望,2026-10-09 02:28:14,SPY
IMTX,7.37,-12.68,-19.1,-23.86,-29.47,1.3,1.76,2.77,14.17,-13.98,-20.86,-26.63,跑輸指數,8.345,8.9246,-11.68,-17.42,-16.91,604700,803485.0,0.75,正常量能,46.63,跑輸觀望,2026-10-09 02:28:35,SPY
ABUS,4.18,-8.33,-19.15,-12.92,-12.37,1.3,1.76,2.77,14.17,-9.63,-20.91,-15.69,跑輸指數,4.7995,4.8352,-12.91,-13.55,-18.52,4854800,8360845.0,0.58,縮量回踩,37.09,跑輸觀望,2026-10-09 02:28:14,SPY
AXSM,170.08,-6.59,-19.25,-27.25,-4.82,1.3,1.76,2.77,14.17,-7.89,-21.01,-30.02,跑輸指數,194.44,204.4835,-12.53,-16.82,-22.95,1073600,843140.0,1.27,正常量能,39.38,跑輸觀望,2026-10-09 02:28:14,SPY
GSHD,45.385,-3.74,-19.53,-15.23,-35.31,1.3,1.76,2.77,14.17,-5.04,-21.29,-18.0,跑輸指數,48.7865,59.5241,-6.97,-23.75,-24.24,525300,550500.0,0.95,正常量能,68.86,跑輸觀望,2026-10-09 02:28:35,SPY
CIFR,13.5,-12.68,-20.12,-38.94,-16.67,1.3,1.76,2.77,14.17,-13.98,-21.88,-41.71,跑輸指數,16.5515,17.1074,-18.44,-21.09,-29.28,57201800,34791945.0,1.64,正常量能,77.66,跑輸觀望,2026-10-09 02:28:27,SPY
GLXY,20.085,-12.75,-20.14,-19.27,-18.85,1.3,1.76,2.77,14.17,-14.05,-21.9,-22.04,跑輸指數,23.4952,23.038,-14.51,-12.82,-26.08,7894100,5039000.0,1.57,正常量能,66.92,跑輸觀望,2026-10-09 02:28:35,SPY
HYMC,18.21,-3.8,-20.17,-14.83,-25.37,1.3,1.76,2.77,14.17,-5.1,-21.93,-17.6,跑輸指數,20.098,22.7075,-9.39,-19.81,-19.74,2694700,2192865.0,1.23,正常量能,69.44,跑輸觀望,2026-10-09 02:28:35,SPY
BWAY,11.47,-8.97,-20.4,-23.84,18.92,1.3,1.76,2.77,14.17,-10.27,-22.16,-26.61,跑輸指數,13.0515,14.1966,-12.12,-19.21,-17.66,119700,105640.0,1.13,正常量能,23.78,跑輸觀望,2026-10-09 02:28:14,SPY
ALOY,7.58,-6.54,-20.55,-38.27,-21.57,1.3,1.76,2.77,14.17,-7.84,-22.31,-41.04,跑輸指數,8.3532,10.0646,-9.26,-24.69,-18.76,2069700,1953975.0,1.06,正常量能,66.0,跑輸觀望,2026-10-09 02:28:14,SPY
IRON,60.77,-4.46,-20.57,-20.66,-23.16,1.3,1.76,2.77,14.17,-5.76,-22.33,-23.43,跑輸指數,65.98,73.8784,-7.9,-17.74,-13.26,846800,650740.0,1.3,正常量能,29.65,跑輸觀望,2026-10-09 02:28:35,SPY
INDI,2.605,-9.55,-20.58,-41.33,-29.59,1.3,1.76,2.77,14.17,-10.85,-22.34,-44.1,跑輸指數,3.0035,3.4708,-13.27,-24.95,-22.24,7897600,5105170.0,1.55,正常量能,46.26,跑輸觀望,2026-10-09 02:28:35,SPY
CADL,9.66,-4.92,-20.62,1.79,77.57,1.3,1.76,2.77,14.17,-6.22,-22.38,-0.98,跑輸指數,10.745,11.4612,-10.1,-15.72,-18.48,888400,1199245.0,0.74,正常量能,54.68,跑輸觀望,2026-10-09 02:28:14,SPY
ENVX,2.5,-10.07,-20.89,-51.92,-68.31,1.3,1.76,2.77,14.17,-11.37,-22.65,-54.69,跑輸指數,2.848,3.4084,-12.22,-26.65,-19.35,6636300,7045995.0,0.94,正常量能,64.04,跑輸觀望,2026-10-09 02:28:27,SPY
BTDR,9.72,-8.65,-21.17,-26.86,-15.84,1.3,1.76,2.77,14.17,-9.95,-22.93,-29.63,跑輸指數,11.401,10.9249,-14.74,-11.03,-26.03,9481000,9722465.0,0.98,正常量能,79.21,跑輸觀望,2026-10-09 02:28:14,SPY
IREN,35.71,-12.15,-21.29,-13.2,-16.37,1.3,1.76,2.77,14.17,-13.45,-23.05,-15.97,跑輸指數,42.8507,41.7862,-16.66,-14.54,-26.45,55259600,36993970.0,1.49,正常量能,58.31,跑輸觀望,2026-10-09 02:28:35,SPY
HELP,10.72,-9.99,-21.64,56.04,29.47,1.3,1.76,2.77,14.17,-11.29,-23.4,53.27,跑輸指數,12.4875,11.9133,-14.15,-10.02,-23.54,1116400,1677320.0,0.67,量價背馳,73.34,跑輸觀望,2026-10-09 02:28:35,SPY
IMVT,30.26,-10.07,-21.91,-23.8,16.79,1.3,1.76,2.77,14.17,-11.37,-23.67,-26.57,跑輸指數,34.731,38.5808,-12.87,-21.57,-19.65,1755400,1613075.0,1.09,正常量能,38.14,跑輸觀望,2026-10-09 02:28:35,SPY
INSM,100.48,-7.47,-21.99,-13.09,-43.27,1.3,1.76,2.77,14.17,-8.77,-23.75,-15.86,跑輸指數,115.958,119.6634,-13.35,-16.03,-22.36,5251800,2737330.0,1.92,正常量能,42.25,跑輸觀望,2026-10-09 02:28:35,SPY
AVR,6.63,-12.88,-22.27,-32.14,34.76,1.3,1.76,2.77,14.17,-14.18,-24.03,-34.91,跑輸指數,7.8035,8.3926,-15.04,-21.0,-23.97,2470200,1179130.0,2.09,正常量能,44.29,跑輸觀望,2026-10-09 02:28:14,SPY
IONS,43.3,-1.59,-22.71,-25.67,-45.65,1.3,1.76,2.77,14.17,-2.89,-24.47,-28.44,跑輸指數,45.5215,52.969,-4.88,-18.25,-20.13,3349200,4263055.0,0.79,正常量能,49.4,跑輸觀望,2026-10-09 02:28:35,SPY
DNTH,82.43,-6.67,-22.99,-15.54,107.74,1.3,1.76,2.77,14.17,-7.97,-24.75,-18.31,跑輸指數,93.346,103.228,-11.69,-20.15,-23.46,1003700,955500.0,1.05,正常量能,32.77,跑輸觀望,2026-10-09 02:28:27,SPY
BRAI,4.34,-18.27,-23.19,-21.38,-70.76,1.3,1.76,2.77,14.17,-19.57,-24.95,-24.15,跑輸指數,5.2745,5.4484,-17.72,-20.34,-23.59,32300,28915.0,1.12,正常量能,53.94,跑輸觀望,2026-10-09 02:28:14,SPY
CRVS,10.21,-6.59,-23.41,-34.84,39.48,1.3,1.76,2.77,14.17,-7.89,-25.17,-37.61,跑輸指數,11.8515,13.2794,-13.85,-23.11,-24.03,1881000,1327360.0,1.42,正常量能,53.24,跑輸觀望,2026-10-09 02:28:27,SPY
AXGN,36.18,-9.37,-23.46,-10.84,16.71,1.3,1.76,2.77,14.17,-10.67,-25.22,-13.61,跑輸指數,41.8575,45.4146,-13.56,-20.33,-21.23,1378200,1566120.0,0.88,正常量能,41.05,跑輸觀望,2026-10-09 02:28:14,SPY
DSGN,11.49,-6.13,-23.5,-24.36,26.26,1.3,1.76,2.77,14.17,-7.43,-25.26,-27.13,跑輸指數,12.503,13.7936,-8.1,-16.7,-21.46,674800,748620.0,0.9,正常量能,58.74,跑輸觀望,2026-10-09 02:28:27,SPY
CMPS,11.47,-4.02,-24.39,-15.91,75.11,1.3,1.76,2.77,14.17,-5.32,-26.15,-18.68,跑輸指數,13.259,13.403,-13.49,-14.42,-24.49,2832400,2826040.0,1.0,正常量能,52.61,跑輸觀望,2026-10-09 02:28:27,SPY
CLDX,29.3,-8.95,-24.45,-25.08,8.48,1.3,1.76,2.77,14.17,-10.25,-26.21,-27.85,跑輸指數,33.916,37.8748,-13.61,-22.64,-25.22,3950400,2400175.0,1.65,正常量能,60.24,跑輸觀望,2026-10-09 02:28:27,SPY
IMMX,9.29,-9.19,-24.53,-16.38,71.09,1.3,1.76,2.77,14.17,-10.49,-26.29,-19.15,跑輸指數,11.2198,11.6955,-17.2,-20.57,-27.59,1289000,1788415.0,0.72,正常量能,63.15,跑輸觀望,2026-10-09 02:28:35,SPY
HUBG,26.43,-12.34,-24.93,-42.57,-37.54,1.3,1.76,2.77,14.17,-13.64,-26.69,-45.34,跑輸指數,30.9155,36.8324,-14.51,-28.24,-26.38,2518400,1498175.0,1.68,放量突破,36.3,跑輸觀望,2026-10-09 02:28:35,SPY
IVA,3.32,-4.05,-25.39,-22.79,-30.25,1.3,1.76,2.77,14.17,-5.35,-27.15,-25.56,跑輸指數,3.5808,4.2288,-7.28,-21.49,-17.41,2173200,2657195.0,0.82,正常量能,69.82,跑輸觀望,2026-10-09 02:28:35,SPY
ABVX,89.05,-6.36,-25.46,-36.35,-33.43,1.3,1.76,2.77,14.17,-7.66,-27.22,-39.12,跑輸指數,98.665,111.4074,-9.75,-20.07,-24.94,2102700,1483880.0,1.42,正常量能,54.2,跑輸觀望,2026-10-09 02:28:14,SPY
GHRS,20.45,-10.54,-25.8,-22.86,54.46,1.3,1.76,2.77,14.17,-11.84,-27.56,-25.63,跑輸指數,24.999,27.2129,-18.2,-24.85,-28.8,332200,310200.0,1.07,正常量能,47.14,跑輸觀望,2026-10-09 02:28:35,SPY
IMNM,19.31,-7.56,-26.07,-17.3,-7.25,1.3,1.76,2.77,14.17,-8.86,-27.83,-20.07,跑輸指數,22.4547,25.0104,-14.0,-22.79,-25.01,2131000,1541525.0,1.38,正常量能,54.38,跑輸觀望,2026-10-09 02:28:35,SPY
AVTX,13.43,-10.17,-26.25,-30.09,-21.09,1.3,1.76,2.77,14.17,-11.47,-28.01,-32.86,跑輸指數,15.4255,17.7328,-12.94,-24.26,-19.53,990400,1213625.0,0.82,正常量能,48.58,跑輸觀望,2026-10-09 02:28:14,SPY
AKTS,17.74,-4.21,-26.27,-36.37,-20.8,1.3,1.76,2.77,14.17,-5.51,-28.03,-39.14,跑輸指數,20.316,22.9552,-12.68,-22.72,-23.86,500800,502675.0,1.0,正常量能,47.95,跑輸觀望,2026-10-09 02:28:14,SPY
FLNC,7.45,-1.59,-26.38,-53.9,-67.62,1.3,1.76,2.77,14.17,-2.89,-28.14,-56.67,跑輸指數,7.96,10.4129,-6.41,-28.45,-24.97,6243400,8639115.0,0.72,正常量能,74.42,跑輸觀望,2026-10-09 02:28:27,SPY
ARWR,60.74,-6.25,-26.49,-20.5,-10.4,1.3,1.76,2.77,14.17,-7.55,-28.25,-23.27,跑輸指數,67.3025,78.8742,-9.75,-22.99,-26.69,1784700,2368655.0,0.75,正常量能,60.36,跑輸觀望,2026-10-09 02:28:14,SPY
ANGO,11.23,-25.73,-26.7,-12.2,-11.44,1.3,1.76,2.77,14.17,-27.03,-28.46,-14.97,跑輸指數,15.1115,15.3796,-25.69,-26.98,-28.38,3063800,761035.0,4.03,正常量能,79.69,跑輸觀望,2026-10-09 02:28:14,SPY
BCAX,17.26,-5.16,-26.99,-40.3,5.37,1.3,1.76,2.77,14.17,-6.46,-28.75,-43.07,跑輸指數,19.9753,22.8485,-13.59,-24.46,-25.6,1253600,764530.0,1.64,放量突破,51.21,跑輸觀望,2026-10-09 02:28:14,SPY
CDNL,25.06,-15.74,-27.51,-63.22,10.79,1.3,1.76,2.77,14.17,-17.04,-29.27,-65.99,跑輸指數,29.927,39.0872,-16.26,-35.89,-29.71,568800,640715.0,0.89,正常量能,73.88,跑輸觀望,2026-10-09 02:28:14,SPY
FIGR,27.6,-3.29,-27.6,-13.21,-36.9,1.3,1.76,2.77,14.17,-4.59,-29.36,-15.98,跑輸指數,31.6515,32.7558,-12.8,-15.74,-25.63,4762800,4784800.0,1.0,正常量能,57.89,跑輸觀望,2026-10-09 02:28:27,SPY
GLUE,10.32,-8.35,-27.63,-55.21,-32.59,1.3,1.76,2.77,14.17,-9.65,-29.39,-57.98,跑輸指數,11.8175,13.8459,-12.67,-25.47,-26.65,1886600,1412645.0,1.34,正常量能,47.84,跑輸觀望,2026-10-09 02:28:35,SPY
ALMS,6.97,-3.33,-28.88,-75.38,-22.17,1.3,1.76,2.77,14.17,-4.63,-30.64,-78.15,跑輸指數,7.579,16.0936,-8.04,-56.69,-24.4,2853100,2941985.0,0.97,正常量能,57.62,跑輸觀望,2026-10-09 02:28:14,SPY
DBVT,9.55,-14.81,-28.94,-42.09,-49.87,1.3,1.76,2.77,14.17,-16.11,-30.7,-44.86,跑輸指數,11.456,12.9544,-16.64,-26.28,-24.39,603300,474315.0,1.27,正常量能,58.89,跑輸觀望,2026-10-09 02:28:27,SPY
ELVN,40.63,-12.08,-29.28,-20.47,161.45,1.3,1.76,2.77,14.17,-13.38,-31.04,-23.24,跑輸指數,47.269,54.2524,-14.05,-25.11,-25.35,1651600,1602010.0,1.03,正常量能,43.62,跑輸觀望,2026-10-09 02:28:27,SPY
CBIO,14.12,-0.98,-29.36,-18.57,27.44,1.3,1.76,2.77,14.17,-2.28,-31.12,-21.34,跑輸指數,15.571,16.641,-9.32,-15.15,-28.25,301200,561480.0,0.54,量價背馳,65.52,跑輸觀望,2026-10-09 02:28:14,SPY
EOSE,2.765,-11.94,-33.37,-37.16,-78.68,1.3,1.76,2.77,14.17,-13.24,-35.13,-39.93,跑輸指數,3.4913,3.6571,-20.8,-24.39,-32.06,39778000,26956845.0,1.48,正常量能,74.48,跑輸觀望,2026-10-09 02:28:27,SPY
FRMI,3.66,-9.63,-33.82,-44.46,-58.5,1.3,1.76,2.77,14.17,-10.93,-35.58,-47.23,跑輸指數,4.5415,5.319,-19.41,-31.19,-33.45,24662400,17333910.0,1.42,正常量能,63.0,跑輸觀望,2026-10-09 02:28:27,SPY
BULL,5.95,-15.36,-36.84,-19.38,-27.35,1.3,1.76,2.77,14.17,-16.66,-38.6,-22.15,跑輸指數,7.5525,8.074,-21.22,-26.31,-35.47,21302000,16507165.0,1.29,正常量能,87.28,跑輸觀望,2026-10-09 02:28:14,SPY
ALM,11.57,-12.22,-36.88,-30.34,31.48,1.3,1.76,2.77,14.17,-13.52,-38.64,-33.11,跑輸指數,13.5395,14.9969,-14.55,-22.85,-25.31,9149800,6333305.0,1.44,正常量能,76.2,跑輸觀望,2026-10-09 02:28:14,SPY
GPCR,25.67,-11.42,-37.74,-51.89,-62.32,1.3,1.76,2.77,14.17,-12.72,-39.5,-54.66,跑輸指數,33.3177,42.9958,-22.95,-40.3,-34.09,939200,1506745.0,0.62,縮量回踩,51.64,跑輸觀望,2026-10-09 02:28:35,SPY
ELVR,34.48,-5.84,-39.69,-44.95,-34.68,1.3,1.76,2.77,14.17,-7.14,-41.45,-47.72,跑輸指數,41.8165,52.474,-17.54,-34.29,-32.15,37200,56895.0,0.65,縮量回踩,43.62,跑輸觀望,2026-10-09 02:28:27,SPY
AVBP,16.71,-42.24,-43.91,-50.4,-19.66,1.3,1.76,2.77,14.17,-43.54,-45.67,-53.17,跑輸指數,27.1415,29.0192,-38.43,-42.42,-44.89,2154200,1910435.0,1.13,正常量能,177.94,跑輸觀望,2026-10-09 02:28:14,SPY
EMAT,1.7,-21.11,-46.87,-69.8,-91.05,1.3,1.76,2.77,14.17,-22.41,-48.63,-72.57,跑輸指數,2.9368,3.0784,-42.11,-44.78,-57.71,851300,1461675.0,0.58,縮量回踩,127.41,跑輸觀望,2026-10-09 02:28:27,SPY
